Report Date,Route,Time,Day,Location,Incident,Delay,Gap,Direction,Vehicle
2020-01-01T00:00:00Z,504,1899-12-31T01:23:00Z,Wednesday,King and Dufferin,Mechanical,8,16,E/B,4446
2020-01-01T00:00:00Z,512,1899-12-31T04:40:00Z,Wednesday,Queen/Parliament,Mechanical,23,46,W/B,4541
2020-01-01T00:00:00Z,504,1899-12-31T06:17:00Z,Wednesday,Roncesvalles and Queen,Mechanical,6,14,W/B,4576
2020-01-01T00:00:00Z,504,1899-12-31T07:50:00Z,Wednesday,King/Church,Mechanical,10,20,W/B,4486
2020-01-01T00:00:00Z,504,1899-12-31T08:09:00Z,Wednesday,Queeen/ Roncesvalles,Mechanical,8,16,E/B,4504
2020-01-01T00:00:00Z,506,1899-12-31T08:13:00Z,Wednesday,Main Station,Investigation,8,16,E/B,4587
2020-01-01T00:00:00Z,504,1899-12-31T08:22:00Z,Wednesday,King/York,Investigation,10,20,W/B,4431
2020-01-01T00:00:00Z,504,1899-12-31T08:36:00Z,Wednesday,Broadview/Queen,Mechanical,8,16,S/B,4462
2020-01-01T00:00:00Z,501,1899-12-31T11:25:00Z,Wednesday,Queen And Roncy,Mechanical,5,10,W/B,4489
2020-01-01T00:00:00Z,504,1899-12-31T12:18:00Z,Wednesday,Dundas West Station,Mechanical,9,18,E/B,4504
2020-01-01T00:00:00Z,505,1899-12-31T13:01:00Z,Wednesday,Broadview Station,Mechanical,5,10,W/B,1555
2020-01-01T00:00:00Z,510,1899-12-31T13:44:00Z,Wednesday,Queens Quay Loop,Emergency Services,5,10,S/B,4425
2020-01-01T00:00:00Z,501,1899-12-31T16:24:00Z,Wednesday,Royal and Lakeshore,Held By,12,22,W/B,4583
2020-01-01T00:00:00Z,501,1899-12-31T18:55:00Z,Wednesday,Humber loop,Mechanical,10,20,W/B,4508
2020-01-01T00:00:00Z,501,1899-12-31T20:03:00Z,Wednesday,Humber loop,Investigation,10,20,W/B,4429
2020-01-01T00:00:00Z,505,1899-12-31T21:20:00Z,Wednesday,dundas and church,Investigation,8,16,W/B,3145
2020-01-01T00:00:00Z,504,1899-12-31T23:23:00Z,Wednesday,DUNDAS WEST STN,Emergency Services,10,20,S/B,4483
2020-01-02T00:00:00Z,301,1899-12-31T01:30:00Z,Thursday,long branch loop,Mechanical,5,10,E/B,4463
2020-01-02T00:00:00Z,504,1899-12-31T05:24:00Z,Thursday,DW Stn,Mechanical,13,26,E/B,4539
2020-01-02T00:00:00Z,501,1899-12-31T05:47:00Z,Thursday,Roncesvalles and Queen,Investigation,7,14,W/B,4416
2020-01-02T00:00:00Z,504,1899-12-31T08:10:00Z,Thursday,King/Spadina,Mechanical,5,10,W/B,4567
2020-01-02T00:00:00Z,510,1899-12-31T08:30:00Z,Thursday,Charlotte Loop,Mechanical,4,8,S/B,4445
2020-01-02T00:00:00Z,510,1899-12-31T09:30:00Z,Thursday,King and Spadina,Mechanical,4,8,N/B,4445
2020-01-02T00:00:00Z,504,1899-12-31T12:52:00Z,Thursday,Dufferin Loop,Mechanical,3,11,E/B,4539
2020-01-02T00:00:00Z,504,1899-12-31T14:26:00Z,Thursday,King and Atlantic,Investigation,8,16,W/B,4539
2020-01-02T00:00:00Z,504,1899-12-31T15:47:00Z,Thursday,King and  Sherbourne,Investigation,17,24,E/B,4430
2020-01-02T00:00:00Z,504,1899-12-31T16:23:00Z,Thursday,Queen and Broadview,Mechanical,0,0,E/B,4578
2020-01-02T00:00:00Z,504,1899-12-31T16:45:00Z,Thursday,Dufferin Gate,Mechanical,6,12,E/B,4583
2020-01-02T00:00:00Z,511,1899-12-31T17:05:00Z,Thursday,Bathurst Station,Mechanical,4,10,S/B,4550
2020-01-02T00:00:00Z,504,1899-12-31T17:09:00Z,Thursday,King and Sackville,Mechanical,6,12,W/B,4548
2020-01-02T00:00:00Z,504,1899-12-31T17:19:00Z,Thursday,Roncy and Queen,Investigation,7,14,E/B,4534
2020-01-02T00:00:00Z,504,1899-12-31T19:04:00Z,Thursday,King and Spadian,Mechanical,2,8,W/B,4578
2020-01-02T00:00:00Z,504,1899-12-31T19:12:00Z,Thursday,King and Sumach,Investigation,28,35,W/B,4567
2020-01-02T00:00:00Z,506,1899-12-31T19:38:00Z,Thursday,Gerrard and Marjorie,Mechanical,6,12,W/B,4531
2020-01-02T00:00:00Z,506,1899-12-31T21:50:00Z,Thursday,Spadina to Parliament,General Delay,20,28,B/W,NA
2020-01-03T00:00:00Z,501,1899-12-31T02:26:00Z,Friday,long branch loop,Mechanical,7,14,E/B,4444
2020-01-03T00:00:00Z,504,1899-12-31T08:03:00Z,Friday,King/John,Mechanical,1,1,W/B,4431
2020-01-03T00:00:00Z,505,1899-12-31T08:08:00Z,Friday,Broadview Station,Mechanical,4,8,W/B,8540
2020-01-03T00:00:00Z,505,1899-12-31T08:40:00Z,Friday,Dundas West Station,Investigation,4,8,W/B,1027
2020-01-03T00:00:00Z,504,1899-12-31T11:12:00Z,Friday,Dufferin loop,Emergency Services,7,14,E/B,4557
2020-01-03T00:00:00Z,505,1899-12-31T11:14:00Z,Friday,Yonge and Dundas,Investigation,4,8,W/B,1078
2020-01-03T00:00:00Z,501,1899-12-31T11:26:00Z,Friday,Queen/Lee,Investigation,26,34,E/B,4476
2020-01-03T00:00:00Z,506,1899-12-31T11:31:00Z,Friday,bathurst station,Mechanical,8,16,S/B,8764
2020-01-03T00:00:00Z,501,1899-12-31T11:40:00Z,Friday,Neville Loop,Investigation,10,20,W/B,4470
2020-01-03T00:00:00Z,505,1899-12-31T11:50:00Z,Friday,dundas and dufferin,Investigation,8,16,E/B,3101
2020-01-03T00:00:00Z,505,1899-12-31T13:42:00Z,Friday,Dundas / Sorauren,Investigation,4,8,E/B,1015
2020-01-03T00:00:00Z,506,1899-12-31T13:44:00Z,Friday,College and Rusholme,Emergency Services,16,24,E/B,4443
2020-01-03T00:00:00Z,506,1899-12-31T14:04:00Z,Friday,Gerrard and Coxwell,Mechanical,1,2,E/B,4497
2020-01-03T00:00:00Z,512,1899-12-31T14:55:00Z,Friday,Lansdowne loop,Emergency Services,5,10,E/B,4564
2020-01-03T00:00:00Z,504,1899-12-31T15:08:00Z,Friday,King and Ontario,Mechanical,6,12,W/B,4490
2020-01-03T00:00:00Z,505,1899-12-31T16:37:00Z,Friday,Dundas / Dufferin,Mechanical,3,7,E/B,8594
2020-01-03T00:00:00Z,503,1899-12-31T17:30:00Z,Friday,Kingston Rd / Woodbine,Investigation,7,15,E/B,3171
2020-01-03T00:00:00Z,503,1899-12-31T18:35:00Z,Friday,Queen / Broadview,Mechanical,8,14,W/B,8513
2020-01-03T00:00:00Z,505,1899-12-31T21:00:00Z,Friday,Dundas West Station,Emergency Services,4,9,E/B,1078
2020-01-04T00:00:00Z,506,1899-12-31T00:37:00Z,Saturday,MAIN ST STN,Mechanical,10,20,W/B,4498
2020-01-04T00:00:00Z,504,1899-12-31T02:32:00Z,Saturday,king and brant,Held By,15,30,W/B,4477
2020-01-04T00:00:00Z,310,1899-12-31T05:08:00Z,Saturday,Spadina and Willcocks,Mechanical,15,30,S/B,4463
2020-01-04T00:00:00Z,511,1899-12-31T06:57:00Z,Saturday,Bathurst and Front,Held By,12,19,S/B,4500
2020-01-04T00:00:00Z,506,1899-12-31T08:33:00Z,Saturday,Coxwell and Gerrard,Late Leaving Garage,6,12,E/B,4413
2020-01-04T00:00:00Z,506,1899-12-31T08:36:00Z,Saturday,Connaught and Queen,Mechanical,1,2,E/B,4413
2020-01-04T00:00:00Z,505,1899-12-31T10:21:00Z,Saturday,Dundas and Yonge,Mechanical,5,10,E/B,1075
2020-01-04T00:00:00Z,505,1899-12-31T11:51:00Z,Saturday,Dundas and George St.,Investigation,5,10,E/B,1115
2020-01-04T00:00:00Z,504,1899-12-31T12:38:00Z,Saturday,Broadview and Queen,Late Leaving Garage,3,8,W/B,4590
2020-01-04T00:00:00Z,504,1899-12-31T12:41:00Z,Saturday,Distillery Loop,Late Leaving Garage,5,11,W/B,4409
2020-01-04T00:00:00Z,511,1899-12-31T13:09:00Z,Saturday,Exhibition Loop,Mechanical,5,10,N/B,4500
2020-01-04T00:00:00Z,501,1899-12-31T14:21:00Z,Saturday,Queen / John,Emergency Services,7,16,W/B,4534
2020-01-04T00:00:00Z,512,1899-12-31T16:36:00Z,Saturday,St. Clair and Old Weston Rd.,Held By,29,34,W/B,4535
2020-01-04T00:00:00Z,504,1899-12-31T17:05:00Z,Saturday,Broadview Station,Mechanical,7,13,W/B,4544
2020-01-04T00:00:00Z,506,1899-12-31T19:05:00Z,Saturday,College and Spadina,Investigation,9,18,W/B,4447
2020-01-04T00:00:00Z,512,1899-12-31T20:01:00Z,Saturday,St. Clair and Landsdowne,Mechanical,7,14,W/B,4428
2020-01-04T00:00:00Z,504,1899-12-31T20:07:00Z,Saturday,Charlotte Loop,Utilized Off Route,9,18,W/B,4473
2020-01-04T00:00:00Z,501,1899-12-31T20:10:00Z,Saturday,Queensway / Ellis,Investigation,8,15,W/B,4448
2020-01-04T00:00:00Z,705,1899-12-31T22:06:00Z,Saturday,distillery loop,Investigation,1,1,N/B,4475
2020-01-05T00:00:00Z,510,1899-12-31T00:26:00Z,Sunday,spadina and queens quay,Mechanical,10,20,N/B,4557
2020-01-05T00:00:00Z,510,1899-12-31T01:04:00Z,Sunday,spadina and quuens quay,Mechanical,9,15,N/B,4562
2020-01-05T00:00:00Z,301,1899-12-31T04:21:00Z,Sunday,E/B Trailer Track Russell Yard,Investigation,1,1,E/B,4446
2020-01-05T00:00:00Z,511,1899-12-31T09:40:00Z,Sunday,CNE loop,Mechanical,8,16,E/B,4554
2020-01-05T00:00:00Z,501,1899-12-31T09:52:00Z,Sunday,Queen and Pape,Mechanical,8,18,E/B,4550
2020-01-05T00:00:00Z,505,1899-12-31T10:00:00Z,Sunday,Broadview station,Mechanical,6,12,E/B,1070
2020-01-05T00:00:00Z,501,1899-12-31T10:20:00Z,Sunday,Humber Loop,Investigation,1,1,E/B,4468
2020-01-05T00:00:00Z,501,1899-12-31T10:39:00Z,Sunday,Queen ad Strachan,Investigation,7,17,E/B,4575
2020-01-05T00:00:00Z,301,1899-12-31T12:54:00Z,Sunday,Neville Park,Mechanical,10,20,W/B,4531
2020-01-05T00:00:00Z,510,1899-12-31T15:16:00Z,Sunday,Dundas Street,Mechanical,35,38,S/B,4476
2020-01-05T00:00:00Z,505,1899-12-31T16:06:00Z,Sunday,Broadview Station,Mechanical,5,10,W/B,9208
2020-01-05T00:00:00Z,501,1899-12-31T19:55:00Z,Sunday,The Queensway and Parkside,Held By,89,94,E/B,4523
2020-01-05T00:00:00Z,505,1899-12-31T20:00:00Z,Sunday,DWS,Utilized Off Route,8,16,E/B,1054
2020-01-05T00:00:00Z,504,1899-12-31T23:31:00Z,Sunday,DUFFERIN LOOP,Mechanical,3,10,N/B,4551
2020-01-06T00:00:00Z,505,1899-12-31T00:10:00Z,Monday,Dundas West Station,Investigation,7,14,E/B,1418
2020-01-06T00:00:00Z,505,1899-12-31T05:59:00Z,Monday,Mount Dennis Garage,Late Leaving Garage,4,9,E/B,1411
2020-01-06T00:00:00Z,510,1899-12-31T08:07:00Z,Monday,Spadina and King,Mechanical,4,8,S/B,4566
2020-01-06T00:00:00Z,505,1899-12-31T08:33:00Z,Monday,NA,General Delay,4,7,B/W,NA
2020-01-06T00:00:00Z,504,1899-12-31T09:56:00Z,Monday,King and River,Mechanical,4,8,E/B,4536
2020-01-06T00:00:00Z,504,1899-12-31T10:04:00Z,Monday,Dufferin and Liberty Street,Held By,24,32,N/B,4494
2020-01-06T00:00:00Z,505,1899-12-31T13:00:00Z,Monday,Dundas and Rushholme,Emergency Services,4,8,W/B,1104
2020-01-06T00:00:00Z,505,1899-12-31T16:07:00Z,Monday,Dundas and sherdian,Held By,102,106,W/B,8545
2020-01-06T00:00:00Z,505,1899-12-31T16:16:00Z,Monday,Broadview station,Mechanical,4,8,E/B,3125
2020-01-06T00:00:00Z,506,1899-12-31T16:48:00Z,Monday,High Park Loop,Mechanical,9,18,E/B,4579
2020-01-06T00:00:00Z,306,1899-12-31T18:14:00Z,Monday,Gerrard and Coxwell,Investigation,0,0,E/B,4469
2020-01-06T00:00:00Z,506,1899-12-31T18:41:00Z,Monday,Gerrard and Leslie,Mechanical,1,2,W/B,4409
2020-01-06T00:00:00Z,503,1899-12-31T18:59:00Z,Monday,King and York,Emergency Services,8,16,W/B,9227
2020-01-06T00:00:00Z,505,1899-12-31T20:57:00Z,Monday,Dundas west station,Emergency Services,5,10,E/B,1020
2020-01-06T00:00:00Z,506,1899-12-31T21:33:00Z,Monday,Gerrard and Broadview,Mechanical,1,2,E/B,4544
2020-01-06T00:00:00Z,506,1899-12-31T23:17:00Z,Monday,High Park Loop,Mechanical,6,12,W/B,4544
2020-01-07T00:00:00Z,501,1899-12-31T04:45:00Z,Tuesday,Russell,Mechanical,7,14,B/W,4486
2020-01-07T00:00:00Z,501,1899-12-31T05:05:00Z,Tuesday,Humber Loop,Investigation,7,14,E/B,4456
2020-01-07T00:00:00Z,510,1899-12-31T05:18:00Z,Tuesday,College and Spadina,Held By,18,33,S/B,4428
2020-01-07T00:00:00Z,306,1899-12-31T05:19:00Z,Tuesday,College and Spadina,Held By,17,0,W/B,4577
2020-01-07T00:00:00Z,506,1899-12-31T05:20:00Z,Tuesday,College and Spadina,Held By,16,0,W/B,4596
2020-01-07T00:00:00Z,512,1899-12-31T07:21:00Z,Tuesday,St Clair Station,Mechanical,4,8,W/B,4519
2020-01-07T00:00:00Z,501,1899-12-31T08:13:00Z,Tuesday,Parkside / Queensway,Investigation,27,34,W/B,4542
2020-01-07T00:00:00Z,505,1899-12-31T08:49:00Z,Tuesday,Dundas West Station,General Delay,3,4,B/W,8572
2020-01-07T00:00:00Z,504,1899-12-31T10:06:00Z,Tuesday,Roncesvalles and Grenadier Rd.,Investigation,16,23,N/B,4494
2020-01-07T00:00:00Z,504,1899-12-31T13:13:00Z,Tuesday,King/Bay,General Delay,41,49,B/W,4440
2020-01-07T00:00:00Z,505,1899-12-31T13:29:00Z,Tuesday,Dundas and Jarvis,General Delay,27,32,B/W,1549
2020-01-07T00:00:00Z,505,1899-12-31T13:55:00Z,Tuesday,Dundas west station,Mechanical,4,8,E/B,1043
2020-01-07T00:00:00Z,505,1899-12-31T14:07:00Z,Tuesday,Dundas west station,Utilized Off Route,4,8,E/B,1549
2020-01-07T00:00:00Z,501,1899-12-31T14:17:00Z,Tuesday,Humber Loop,Mechanical,6,14,E/B,4458
2020-01-07T00:00:00Z,503,1899-12-31T14:47:00Z,Tuesday,King and York,Emergency Services,10,20,W/B,3126
2020-01-07T00:00:00Z,510,1899-12-31T14:54:00Z,Tuesday,Queens Quay and Spadina,Emergency Services,8,14,S/B,4429
2020-01-07T00:00:00Z,503,1899-12-31T15:14:00Z,Tuesday,king and York,Utilized Off Route,10,20,E/B,3142
2020-01-07T00:00:00Z,510,1899-12-31T15:55:00Z,Tuesday,King and Spadina,General Delay,3,6,N/B,4535
2020-01-07T00:00:00Z,506,1899-12-31T19:56:00Z,Tuesday,Gerrard and Broadview,Mechanical,8,16,E/B,4469
2020-01-07T00:00:00Z,506,1899-12-31T19:57:00Z,Tuesday,Gerrard and Broadview,Mechanical,16,24,E/B,4411
2020-01-07T00:00:00Z,506,1899-12-31T21:45:00Z,Tuesday,Gerrard and Marjory,Mechanical,9,18,E/B,4559
2020-01-07T00:00:00Z,501,1899-12-31T22:24:00Z,Tuesday,Russell Yard w/b Trailer Track,Investigation,18,28,E/B,4532
2020-01-07T00:00:00Z,504,1899-12-31T22:31:00Z,Tuesday,King and Dunn,Investigation,60,70,W/B,4579
2020-01-07T00:00:00Z,512,1899-12-31T22:39:00Z,Tuesday,St. Clair Station,Mechanical,8,16,W/B,4472
2020-01-07T00:00:00Z,504,1899-12-31T23:16:00Z,Tuesday,roncessvalees and grenadier,Emergency Services,10,20,N/B,4447
2020-01-08T00:00:00Z,301,1899-12-31T02:12:00Z,Wednesday,Queen and Greenwood,Mechanical,10,20,E/B,4432
2020-01-08T00:00:00Z,506,1899-12-31T04:59:00Z,Wednesday,Coxwell at Lower Gerrard,Late Leaving Garage,5,13,E/B,4436
2020-01-08T00:00:00Z,511,1899-12-31T04:59:00Z,Wednesday,Bathurst and King,Late Leaving Garage,5,8,W/B,4534
2020-01-08T00:00:00Z,512,1899-12-31T05:00:00Z,Wednesday,Bathurst and St.Clair,Late Leaving Garage,4,7,W/B,4469
2020-01-08T00:00:00Z,506,1899-12-31T05:01:00Z,Wednesday,Coxwell and Lower Gerrard,Late Leaving Garage,3,8,ew,4583
2020-01-08T00:00:00Z,501,1899-12-31T05:32:00Z,Wednesday,Neville Loop,Mechanical,7,14,W/B,4447
2020-01-08T00:00:00Z,501,1899-12-31T06:24:00Z,Wednesday,Queen/University,Investigation,7,14,E/B,4418
2020-01-08T00:00:00Z,506,1899-12-31T06:41:00Z,Wednesday,Church and Carlton,Mechanical,17,25,W/B,4574
2020-01-08T00:00:00Z,511,1899-12-31T07:32:00Z,Wednesday,Exhibition Loop,Mechanical,0,0,N/B,4518
2020-01-08T00:00:00Z,505,1899-12-31T08:16:00Z,Wednesday,Mt. Dennis Garage,Mechanical,4,7,E/B,1359
2020-01-08T00:00:00Z,505,1899-12-31T09:02:00Z,Wednesday,Dundas / Lansdowne,General Delay,4,7,E/B,1015
2020-01-08T00:00:00Z,504,1899-12-31T10:05:00Z,Wednesday,King and Simcoe street,Mechanical,1,1,W/B,4413
2020-01-08T00:00:00Z,501,1899-12-31T11:15:00Z,Wednesday,Browns Line,Held By,7,14,B/W,4508
2020-01-08T00:00:00Z,505,1899-12-31T11:49:00Z,Wednesday,Dundas / Church,Investigation,7,8,W/B,1004
2020-01-08T00:00:00Z,505,1899-12-31T13:42:00Z,Wednesday,Dundas and Dufferin,General Delay,29,34,bw,1359
2020-01-08T00:00:00Z,705,1899-12-31T13:55:00Z,Wednesday,Queen and Hiltz,Mechanical,1,1,E/B,4521
2020-01-08T00:00:00Z,506,1899-12-31T16:54:00Z,Wednesday,High Park Loop,Mechanical,1,2,E/B,4452
2020-01-08T00:00:00Z,130,1899-12-31T16:56:00Z,Wednesday,Middlefield Loop,Mechanical,16,32,S/B,1291
2020-01-08T00:00:00Z,506,1899-12-31T17:09:00Z,Wednesday,Broadview,Mechanical,1,2,W/B,4545
2020-01-08T00:00:00Z,506,1899-12-31T17:13:00Z,Wednesday,Carlton and Parliament,Mechanical,1,2,W/B,4433
2020-01-08T00:00:00Z,511,1899-12-31T17:55:00Z,Wednesday,Fleet loop,Mechanical,8,16,N/B,4518
2020-01-08T00:00:00Z,505,1899-12-31T19:59:00Z,Wednesday,Broadview station,Investigation,5,10,E/B,1015
2020-01-08T00:00:00Z,505,1899-12-31T21:36:00Z,Wednesday,Dundas St and University,Investigation,5,12,E/B,9219
2020-01-08T00:00:00Z,506,1899-12-31T23:11:00Z,Wednesday,Howard Park and Parkside,Emergency Services,1,2,W/B,4534
2020-01-09T00:00:00Z,304,1899-12-31T04:01:00Z,Thursday,Broadview Station,Mechanical,15,30,W/B,4580
2020-01-09T00:00:00Z,504,1899-12-31T05:26:00Z,Thursday,King and Triller Avenue,Investigation,89,99,W/B,4400
2020-01-09T00:00:00Z,504,1899-12-31T05:32:00Z,Thursday,King and Wilson Park,Overhead - Pantograph,86,96,E/B,4511
2020-01-09T00:00:00Z,512,1899-12-31T06:21:00Z,Thursday,St. Clair and Arlington,Emergency Services,8,14,E/B,512
2020-01-09T00:00:00Z,504,1899-12-31T09:02:00Z,Thursday,King and Tecumseth,Mechanical,1,1,W/B,4417
2020-01-09T00:00:00Z,506,1899-12-31T10:10:00Z,Thursday,Gerrard and Broadview,Mechanical,0,0,W/B,4588
2020-01-09T00:00:00Z,504,1899-12-31T11:25:00Z,Thursday,Dufferin Loop,Mechanical,1,1,N/B,4509
2020-01-09T00:00:00Z,501,1899-12-31T11:31:00Z,Thursday,Lakeshore and Islington,Investigation,3,6,W/B,8111
2020-01-09T00:00:00Z,505,1899-12-31T12:44:00Z,Thursday,Yonge / Dundas,General Delay,4,8,B/W,9200
2020-01-09T00:00:00Z,510,1899-12-31T13:32:00Z,Thursday,Spadina Stn.,Emergency Services,5,10,S/B,4499
2020-01-09T00:00:00Z,505,1899-12-31T13:54:00Z,Thursday,Dundas and Bathurst,General Delay,21,26,B/W,1139
2020-01-09T00:00:00Z,505,1899-12-31T14:40:00Z,Thursday,Dundas and sackville,Held By,22,26,E/B,3155
2020-01-09T00:00:00Z,505,1899-12-31T15:05:00Z,Thursday,Dundas and Howard Park,Mechanical,6,12,E/B,1027
2020-01-09T00:00:00Z,505,1899-12-31T15:07:00Z,Thursday,Dundas westg station,Mechanical,6,12,E/B,1139
2020-01-09T00:00:00Z,506,1899-12-31T15:14:00Z,Thursday,Gerrard and Marjory,Held By,5,11,W/B,4472
2020-01-10T00:00:00Z,504,1899-12-31T00:29:00Z,Friday,Dufferin and Springhurst,Emergency Services,71,81,S/B,4437
2020-01-10T00:00:00Z,510,1899-12-31T00:49:00Z,Friday,Spadina and Bremner,Emergency Services,9,18,S/B,4542
2020-01-10T00:00:00Z,510,1899-12-31T06:35:00Z,Friday,Spadina and King,Mechanical,9,18,N/B,4598
2020-01-10T00:00:00Z,508,1899-12-31T06:54:00Z,Friday,Long Branch loop,Mechanical,20,40,B/W,8332
2020-01-10T00:00:00Z,505,1899-12-31T07:59:00Z,Friday,Dundas / Bay,Investigation,5,9,E/B,1091
2020-01-10T00:00:00Z,505,1899-12-31T08:30:00Z,Friday,Dundas / Yonge,General Delay,4,8,B/W,1061
2020-01-10T00:00:00Z,510,1899-12-31T11:02:00Z,Friday,York and Queens Quay,Mechanical,1,1,E/B,4521
2020-01-10T00:00:00Z,505,1899-12-31T11:48:00Z,Friday,Dundas / Sherbourne,Emergency Services,0,0,E/B,1575
2020-01-10T00:00:00Z,504,1899-12-31T13:27:00Z,Friday,Distillery loop,General Delay,15,22,W/B,4511
2020-01-10T00:00:00Z,504,1899-12-31T13:44:00Z,Friday,King/River,Mechanical,7,14,W/B,4442
2020-01-10T00:00:00Z,505,1899-12-31T13:58:00Z,Friday,Dundas and parliament,General Delay,19,25,B/W,1266
2020-01-10T00:00:00Z,510,1899-12-31T15:44:00Z,Friday,King and Spadina,Investigation,5,10,N/B,4551
2020-01-10T00:00:00Z,501,1899-12-31T15:55:00Z,Friday,Queen and Peter,Investigation,16,24,W/B,4443
2020-01-10T00:00:00Z,505,1899-12-31T17:24:00Z,Friday,Dundas and Bay,Investigation,6,12,W/B,1420
2020-01-10T00:00:00Z,503,1899-12-31T17:52:00Z,Friday,King and York,Mechanical,8,16,E/B,8519
2020-01-10T00:00:00Z,505,1899-12-31T19:23:00Z,Friday,Dundas west station,Mechanical,4,8,E/B,1420
2020-01-10T00:00:00Z,504,1899-12-31T19:38:00Z,Friday,King/Bay,General Delay,10,17,B/W,4413
2020-01-10T00:00:00Z,501,1899-12-31T20:14:00Z,Friday,queen and carol,Investigation,7,14,E/B,4508
2020-01-10T00:00:00Z,504,1899-12-31T22:34:00Z,Friday,King and Dunn,Emergency Services,14,24,E/B,4543
2020-01-11T00:00:00Z,510,1899-12-31T00:01:00Z,Saturday,Spadina Station,Investigation,9,19,S/B,4552
2020-01-11T00:00:00Z,501,1899-12-31T00:40:00Z,Saturday,QUEEN AND CHURCH ST,Investigation,10,20,E/B,4415
2020-01-11T00:00:00Z,504,1899-12-31T01:53:00Z,Saturday,King and Niagara,Emergency Services,24,34,B/W,4534
2020-01-11T00:00:00Z,805,1899-12-31T02:24:00Z,Saturday,King and Bathurst,Held By,26,41,W/B,4600
2020-01-11T00:00:00Z,505,1899-12-31T07:39:00Z,Saturday,Dundas West Station,Mechanical,10,20,E/B,1264
2020-01-11T00:00:00Z,504,1899-12-31T08:18:00Z,Saturday,King and Dufferin,Mechanical,8,16,W/B,4560
2020-01-11T00:00:00Z,501,1899-12-31T10:23:00Z,Saturday,Queen St W & Lansdowne,Mechanical,8,16,E/B,4586
2020-01-11T00:00:00Z,51,1899-12-31T10:53:00Z,Saturday,St Clair West Wychwood,Investigation,18,26,W/B,4469
2020-01-11T00:00:00Z,506,1899-12-31T11:58:00Z,Saturday,College St West  Shaw,Mechanical,1,1,E/B,4499
2020-01-11T00:00:00Z,505,1899-12-31T12:47:00Z,Saturday,DWS,Mechanical,4,8,E/B,1419
2020-01-11T00:00:00Z,509,1899-12-31T12:52:00Z,Saturday,CNE Loop,Late Leaving Garage,8,16,E/B,4481
2020-01-11T00:00:00Z,509,1899-12-31T13:00:00Z,Saturday,Spadina Queens Quay,Mechanical,1,1,W/B,4442
2020-01-11T00:00:00Z,501,1899-12-31T13:27:00Z,Saturday,Queen and church,Mechanical,7,14,E/B,4435
2020-01-11T00:00:00Z,504,1899-12-31T14:00:00Z,Saturday,Dundas West Stn,Investigation,1,1,S/B,4579
2020-01-11T00:00:00Z,506,1899-12-31T14:38:00Z,Saturday,Gerrard and Carlaw,Held By,6,14,E/B,4535
2020-01-11T00:00:00Z,505,1899-12-31T15:01:00Z,Saturday,DWS,Mechanical,4,8,E/B,1417
2020-01-11T00:00:00Z,505,1899-12-31T15:26:00Z,Saturday,Broadview Station,Mechanical,4,8,W/B,1015
2020-01-11T00:00:00Z,505,1899-12-31T16:50:00Z,Saturday,Jarvis Street,Investigation,4,8,W/B,3150
2020-01-11T00:00:00Z,501,1899-12-31T18:20:00Z,Saturday,Neville park loop,Mechanical,7,14,W/B,4547
2020-01-11T00:00:00Z,505,1899-12-31T18:48:00Z,Saturday,Broadview Station,Mechanical,4,8,W/B,1010
2020-01-11T00:00:00Z,505,1899-12-31T20:22:00Z,Saturday,Spadina Street,Investigation,4,8,E/B,8539
2020-01-11T00:00:00Z,512,1899-12-31T21:54:00Z,Saturday,St. Clair West STN,Investigation,8,16,W/B,4544
2020-01-11T00:00:00Z,504,1899-12-31T22:07:00Z,Saturday,King and Dufferin,Mechanical,8,16,E/B,4472
2020-01-11T00:00:00Z,501,1899-12-31T23:07:00Z,Saturday,QUEEN AND CHURCH,Diversion,37,47,E/B,4506
2020-01-11T00:00:00Z,504,1899-12-31T23:07:00Z,Saturday,Queen and Church,Investigation,10,20,W/B,4472
2020-01-11T00:00:00Z,506,1899-12-31T23:26:00Z,Saturday,"St, Clair and Appleton",Held By,19,27,E/B,4460
2020-01-12T00:00:00Z,306,1899-12-31T01:47:00Z,Sunday,COLLEGE AND BATHURST,Held By,6,13,E/B,4597
2020-01-12T00:00:00Z,306,1899-12-31T01:47:00Z,Sunday,COLLEGE AND BATHURST,Held By,10,20,W/B,4509
2020-01-12T00:00:00Z,501,1899-12-31T05:36:00Z,Sunday,Lakeshore between Humber Loop and Longbranch Branch,General Delay,12,24,W/B,4415
2020-01-12T00:00:00Z,501,1899-12-31T05:54:00Z,Sunday,Lakeshore and Superior,General Delay,13,26,E/B,4546
2020-01-12T00:00:00Z,512,1899-12-31T05:59:00Z,Sunday,Bathurst King St West,Utilized Off Route,5,16,N/B,3
2020-01-12T00:00:00Z,506,1899-12-31T06:01:00Z,Sunday,Coxwell Gerrard,Overhead - Pantograph,1,1,W/B,4514
2020-01-12T00:00:00Z,510,1899-12-31T06:43:00Z,Sunday,Queens Quay Loop,General Delay,10,20,S/B,4411
2020-01-12T00:00:00Z,509,1899-12-31T07:31:00Z,Sunday,Spadina Queens Quay,General Delay,25,35,W/B,4573
2020-01-12T00:00:00Z,504,1899-12-31T07:43:00Z,Sunday,Queen and Braoadview,Late Leaving Garage,10,20,W/B,4593
2020-01-12T00:00:00Z,511,1899-12-31T07:43:00Z,Sunday,King Street and Bathurst Street,Late Leaving Garage,12,22,N/B,4578
2020-01-12T00:00:00Z,506,1899-12-31T07:45:00Z,Sunday,Coxwell and Gerrard Street,Late Leaving Garage,8,16,E/B,4598
2020-01-12T00:00:00Z,511,1899-12-31T07:57:00Z,Sunday,Bathurst and King,Late Leaving Garage,10,19,N/B,4469
2020-01-12T00:00:00Z,511,1899-12-31T08:00:00Z,Sunday,King And Bathurst,Late Leaving Garage,9,17,S/B,4426
2020-01-12T00:00:00Z,512,1899-12-31T08:02:00Z,Sunday,Bathurst and St. Clair,Mechanical,6,12,E/B,4534
2020-01-12T00:00:00Z,506,1899-12-31T08:23:00Z,Sunday,Coxwell and Gerrard Street,Late Leaving Garage,10,13,E/B,4494
2020-01-12T00:00:00Z,501,1899-12-31T09:48:00Z,Sunday,Yonge and Queen,Investigation,10,20,W/B,4482
2020-01-12T00:00:00Z,501,1899-12-31T10:30:00Z,Sunday,Yonge/Queen.,Mechanical,0,0,E/B,4511
2020-01-12T00:00:00Z,512,1899-12-31T12:24:00Z,Sunday,Bathurst St Clair West,General Delay,5,10,W/B,4554
2020-01-12T00:00:00Z,511,1899-12-31T12:31:00Z,Sunday,Bathurst and Fleet,Mechanical,18,24,W/B,4452
2020-01-12T00:00:00Z,505,1899-12-31T13:27:00Z,Sunday,Dundas and Jarvis,Mechanical,4,8,E/B,3731
2020-01-12T00:00:00Z,501,1899-12-31T14:17:00Z,Sunday,LAKESORE AND PARKLAWN,Investigation,47,57,W/B,4538
2020-01-12T00:00:00Z,504,1899-12-31T18:35:00Z,Sunday,Broadview Station,General Delay,10,20,W/B,4599
2020-01-12T00:00:00Z,501,1899-12-31T21:00:00Z,Sunday,QUEEN AND JARVIS,Emergency Services,10,20,E/B,4596
2020-01-12T00:00:00Z,506,1899-12-31T22:20:00Z,Sunday,Gerrard and Highfield,Held By,20,30,W/B,4536
2020-01-13T00:00:00Z,501,1899-12-31T05:34:00Z,Monday,Russlell Yard,Mechanical,5,13,E/B,4417
2020-01-13T00:00:00Z,505,1899-12-31T09:37:00Z,Monday,Dundas West Station,General Delay,4,8,B/W,1265
2020-01-13T00:00:00Z,504,1899-12-31T09:54:00Z,Monday,Broadview Station,Mechanical,4,8,S/B,4496
2020-01-13T00:00:00Z,505,1899-12-31T10:12:00Z,Monday,Dundas / St. Patrick,General Delay,4,8,E/B,1265
2020-01-13T00:00:00Z,504,1899-12-31T10:31:00Z,Monday,Queen and Broadview Av.,Held By,1,1,N/B,4560
2020-01-13T00:00:00Z,510,1899-12-31T11:31:00Z,Monday,Queens Quay and Spadina,Investigation,5,10,E/B,4534
2020-01-13T00:00:00Z,505,1899-12-31T13:39:00Z,Monday,Broadview station,General Delay,20,26,B/W,1265
2020-01-13T00:00:00Z,503,1899-12-31T15:19:00Z,Monday,Yonge and King,Mechanical,10,20,W/B,8961
2020-01-13T00:00:00Z,505,1899-12-31T15:40:00Z,Monday,Broadview STN,Mechanical,6,12,W/B,8566
2020-01-13T00:00:00Z,505,1899-12-31T15:51:00Z,Monday,Broadview STN,Mechanical,6,12,E/B,1575
2020-01-13T00:00:00Z,508,1899-12-31T16:26:00Z,Monday,Queen/Roncesvalles,Late Leaving Garage,20,40,E/B,8350
2020-01-13T00:00:00Z,505,1899-12-31T16:51:00Z,Monday,Broadview STN,Mechanical,6,12,E/B,1356
2020-01-13T00:00:00Z,511,1899-12-31T17:08:00Z,Monday,CNE Loop,Mechanical,8,16,N/B,4552
2020-01-13T00:00:00Z,509,1899-12-31T22:36:00Z,Monday,Exhibition Loop,Mechanical,1,2,E/B,4497
2020-01-13T00:00:00Z,506,1899-12-31T22:58:00Z,Monday,Howard Park and Dundas,Mechanical,7,14,E/B,4559
2020-01-14T00:00:00Z,506,1899-12-31T01:17:00Z,Tuesday,Broadview and Dundas,Investigation,10,20,E/B,4411
2020-01-14T00:00:00Z,301,1899-12-31T01:36:00Z,Tuesday,Neville Park,Mechanical,10,20,W/B,4586
2020-01-14T00:00:00Z,301,1899-12-31T03:45:00Z,Tuesday,E/B trailer Track Russell Yard,Investigation,15,30,E/B,4594
2020-01-14T00:00:00Z,304,1899-12-31T04:43:00Z,Tuesday,Dundas West StATION,Emergency Services,15,20,N/B,4502
2020-01-14T00:00:00Z,508,1899-12-31T04:47:00Z,Tuesday,Queen Street west and Roncesvalles Avenue,Utilized Off Route,1,1,W/B,1374
2020-01-14T00:00:00Z,310,1899-12-31T04:54:00Z,Tuesday,Union station Platform,Mechanical,1,1,W/B,4534
2020-01-14T00:00:00Z,504,1899-12-31T05:26:00Z,Tuesday,Queen and Broadview Av.,Mechanical,1,1,W/B,4573
2020-01-14T00:00:00Z,504,1899-12-31T06:16:00Z,Tuesday,Leslie and Queen Street,Held By,7,14,N/B,4517
2020-01-14T00:00:00Z,501,1899-12-31T06:20:00Z,Tuesday,Queen & Agnes Lane,Mechanical,18,26,W/B,4416
2020-01-14T00:00:00Z,504,1899-12-31T06:33:00Z,Tuesday,Leslie and Queen,Held By,5,10,N/B,4427
2020-01-14T00:00:00Z,506,1899-12-31T06:34:00Z,Tuesday,Leslie and Eastern,Held By,7,15,N/B,4595
2020-01-14T00:00:00Z,504,1899-12-31T06:43:00Z,Tuesday,Leslie and Queen Street,Held By,5,10,N/B,4400
2020-01-14T00:00:00Z,504,1899-12-31T06:46:00Z,Tuesday,Leslie and Queen Street,Held By,5,10,N/B,4460
2020-01-14T00:00:00Z,504,1899-12-31T06:54:00Z,Tuesday,Leslie Barns,Held By,5,10,N/B,4584
2020-01-14T00:00:00Z,511,1899-12-31T06:56:00Z,Tuesday,Queen / Leslie,Held By,7,14,W/B,4453
2020-01-14T00:00:00Z,511,1899-12-31T06:56:00Z,Tuesday,Queen / Leslie,Held By,7,14,W/B,4480
2020-01-14T00:00:00Z,511,1899-12-31T06:57:00Z,Tuesday,Queen / Leslie,Held By,7,14,W/B,4590
2020-01-14T00:00:00Z,506,1899-12-31T07:01:00Z,Tuesday,Leslie Barns,Held By,7,15,W/B,4452
2020-01-14T00:00:00Z,504,1899-12-31T07:04:00Z,Tuesday,Leslie and Queen Street,Held By,5,10,N/B,4506
2020-01-14T00:00:00Z,506,1899-12-31T07:05:00Z,Tuesday,Leslie Barns,Held By,7,15,E/B,4566
2020-01-14T00:00:00Z,501,1899-12-31T07:06:00Z,Tuesday,Queen & Spadina,General Delay,15,8,W/B,4539
2020-01-14T00:00:00Z,504,1899-12-31T07:09:00Z,Tuesday,Leslie and Queen Street,Held By,5,10,N/B,4436
2020-01-14T00:00:00Z,510,1899-12-31T07:13:00Z,Tuesday,Spadina and King,Held By,9,11,N/B,4553
2020-01-14T00:00:00Z,509,1899-12-31T07:18:00Z,Tuesday,Bathurst and Fleet,Held By,5,10,W/B,4433
2020-01-14T00:00:00Z,504,1899-12-31T07:20:00Z,Tuesday,Leslie and Queen Street,Held By,5,10,N/B,4494
2020-01-14T00:00:00Z,510,1899-12-31T07:20:00Z,Tuesday,Spadina and King,Held By,7,10,N/B,4544
2020-01-14T00:00:00Z,510,1899-12-31T07:28:00Z,Tuesday,Spadina and King,Held By,5,9,N/B,4514
2020-01-14T00:00:00Z,505,1899-12-31T07:35:00Z,Tuesday,Birchmount Garage,Late Leaving Garage,4,8,E/B,1147
2020-01-14T00:00:00Z,510,1899-12-31T07:37:00Z,Tuesday,Spadina and King,Held By,5,9,N/B,4529
2020-01-14T00:00:00Z,504,1899-12-31T07:40:00Z,Tuesday,Leslie and Queen Street,Held By,5,10,N/B,4470
2020-01-14T00:00:00Z,506,1899-12-31T07:46:00Z,Tuesday,Landsdowne and College,Mechanical,8,1,E/B,1052
2020-01-14T00:00:00Z,510,1899-12-31T07:46:00Z,Tuesday,Spadina and King,Held By,5,9,N/B,4493
2020-01-14T00:00:00Z,506,1899-12-31T07:49:00Z,Tuesday,Leslie Barns,Held By,7,15,E/B,4500
2020-01-14T00:00:00Z,510,1899-12-31T07:55:00Z,Tuesday,Spadina and King,Held By,5,9,N/B,4410
2020-01-14T00:00:00Z,505,1899-12-31T08:02:00Z,Tuesday,Mt. Dennis Garage,Late Leaving Garage,4,3,E/B,1045
2020-01-14T00:00:00Z,501,1899-12-31T08:24:00Z,Tuesday,Neville Loop,Held By,6,14,W/B,4558
2020-01-14T00:00:00Z,504,1899-12-31T08:44:00Z,Tuesday,Broadview station,Mechanical,4,8,W/B,4573
2020-01-14T00:00:00Z,505,1899-12-31T09:12:00Z,Tuesday,Dundas West Station,General Delay,4,8,B/W,1423
2020-01-14T00:00:00Z,501,1899-12-31T10:04:00Z,Tuesday,Queen & Dufferin,Investigation,4,8,E/B,8848
2020-01-14T00:00:00Z,501,1899-12-31T12:21:00Z,Tuesday,Bay and Queen,Mechanical,7,14,W/B,4558
2020-01-14T00:00:00Z,505,1899-12-31T12:25:00Z,Tuesday,Dundas / Lansdowne,Mechanical,4,8,W/B,1606
2020-01-14T00:00:00Z,505,1899-12-31T13:34:00Z,Tuesday,Broadview station,General Delay,33,39,B/W,1423
2020-01-14T00:00:00Z,506,1899-12-31T14:15:00Z,Tuesday,Gerrard and Broadview,Mechanical,1,2,E/B,4475
2020-01-14T00:00:00Z,505,1899-12-31T14:30:00Z,Tuesday,Broadview station,Mechanical,6,12,E/B,1360
2020-01-14T00:00:00Z,512,1899-12-31T14:50:00Z,Tuesday,Bathurst and St. Clair,Held By,5,9,N/B,4581
2020-01-14T00:00:00Z,504,1899-12-31T15:54:00Z,Tuesday,King/Dufferin,Mechanical,6,12,E/B,4484
2020-01-14T00:00:00Z,505,1899-12-31T17:40:00Z,Tuesday,Broadview station,Mechanical,6,12,W/B,1012
2020-01-14T00:00:00Z,506,1899-12-31T19:45:00Z,Tuesday,College and Bay,Mechanical,8,16,E/B,4585
2020-01-14T00:00:00Z,509,1899-12-31T20:09:00Z,Tuesday,CNE Loop,Mechanical,10,20,E/B,4433
2020-01-14T00:00:00Z,505,1899-12-31T20:10:00Z,Tuesday,Dundas and sackville,Investigation,7,12,E/B,1590
2020-01-14T00:00:00Z,510,1899-12-31T21:03:00Z,Tuesday,Union Station,Emergency Services,10,20,W/B,4493
2020-01-14T00:00:00Z,506,1899-12-31T21:51:00Z,Tuesday,College and Borden,Mechanical,1,2,E/B,4482
2020-01-14T00:00:00Z,501,1899-12-31T22:00:00Z,Tuesday,W/B Trailer Track Russell Yard,Investigation,5,10,W/B,4582
2020-01-15T00:00:00Z,509,1899-12-31T00:15:00Z,Wednesday,Fleet and Bathurst,Mechanical,1,2,W/B,4538
2020-01-15T00:00:00Z,506,1899-12-31T00:30:00Z,Wednesday,College and Spadina,Emergency Services,18,27,E/B,4475
2020-01-15T00:00:00Z,506,1899-12-31T05:03:00Z,Wednesday,Gerrard and Broadview,Held By,9,1,W/B,4554
2020-01-15T00:00:00Z,306,1899-12-31T05:37:00Z,Wednesday,College and Spadina,Held By,5,25,E/B,4568
2020-01-15T00:00:00Z,505,1899-12-31T05:46:00Z,Wednesday,Dundas / Spadina,Investigation,4,7,W/B,3122
2020-01-15T00:00:00Z,504,1899-12-31T06:50:00Z,Wednesday,King and Strachan,Mechanical,1,1,W/B,4498
2020-01-15T00:00:00Z,508,1899-12-31T07:22:00Z,Wednesday,Queen and Roncesvalles Avenue,Utilized Off Route,1,1,W/B,1221
2020-01-15T00:00:00Z,504,1899-12-31T08:10:00Z,Wednesday,King and Bathurst Street,Mechanical,1,1,E/B,4550
2020-01-15T00:00:00Z,501,1899-12-31T08:53:00Z,Wednesday,Queen and Jameson,Investigation,5,12,E/B,4524
2020-01-15T00:00:00Z,505,1899-12-31T09:02:00Z,Wednesday,Dundas West Station,General Delay,4,7,B/W,8578
2020-01-15T00:00:00Z,504,1899-12-31T09:36:00Z,Wednesday,Roncesvalles and Marion Street,Emergency Services,16,21,S/B,4508
2020-01-15T00:00:00Z,501,1899-12-31T09:38:00Z,Wednesday,Queen and Dwight,Investigation,10,20,W/B,4510
2020-01-15T00:00:00Z,505,1899-12-31T09:44:00Z,Wednesday,Dundas / Yonge,General Delay,2,2,W/B,9211
2020-01-15T00:00:00Z,504,1899-12-31T11:38:00Z,Wednesday,Roncesvalles and Parkside Drive,Mechanical,7,14,S/B,4598
2020-01-15T00:00:00Z,504,1899-12-31T12:25:00Z,Wednesday,King/Berkely,Held By,39,46,W/B,4547
2020-01-15T00:00:00Z,501,1899-12-31T14:02:00Z,Wednesday,Ontario and Queen,Held By,13,20,W/B,4479
2020-01-15T00:00:00Z,503,1899-12-31T14:20:00Z,Wednesday,Broadview and Queen,Investigation,10,20,W/B,8545
2020-01-15T00:00:00Z,505,1899-12-31T14:28:00Z,Wednesday,Dundas and yonge,General Delay,25,31,W/B,1078
2020-01-15T00:00:00Z,505,1899-12-31T15:23:00Z,Wednesday,Dundas west station,Mechanical,6,12,E/B,1078
2020-01-15T00:00:00Z,505,1899-12-31T15:40:00Z,Wednesday,Dundas west station,Mechanical,6,12,E/B,1016
2020-01-15T00:00:00Z,510,1899-12-31T15:55:00Z,Wednesday,King and Spadina,Held By,3,6,N/B,4474
2020-01-15T00:00:00Z,805,1899-12-31T20:16:00Z,Wednesday,Leslie and Queen,Mechanical,1,2,N/B,4568
2020-01-15T00:00:00Z,501,1899-12-31T20:41:00Z,Wednesday,Lakeshore and Superior,Mechanical,1,2,E/B,4446
2020-01-15T00:00:00Z,504,1899-12-31T20:51:00Z,Wednesday,Dufferin Loop,Mechanical,10,20,N/B,4516
2020-01-15T00:00:00Z,510,1899-12-31T22:14:00Z,Wednesday,Queen's Quay Loop,Mechanical,9,18,S/B,4441
2020-01-15T00:00:00Z,509,1899-12-31T22:54:00Z,Wednesday,Exhibition Loop,Mechanical,1,2,E/B,4538
2020-01-15T00:00:00Z,505,1899-12-31T23:10:00Z,Wednesday,Dundas West Station,Investigation,7,14,W/B,1115
2020-01-15T00:00:00Z,512,1899-12-31T23:35:00Z,Wednesday,St. Clair Station,Mechanical,1,2,W/B,4552
2020-01-15T00:00:00Z,501,1899-12-31T23:42:00Z,Wednesday,EB Trailer Track Russell Yard,Investigation,10,20,E/B,4444
2020-01-16T00:00:00Z,512,1899-12-31T01:13:00Z,Thursday,St. Clair Station,Mechanical,8,16,W/B,4460
2020-01-16T00:00:00Z,501,1899-12-31T01:35:00Z,Thursday,Queen and Bay,Held By,48,58,E/B,4564
2020-01-16T00:00:00Z,512,1899-12-31T01:53:00Z,Thursday,St. Clair and Lansdowne,Mechanical,8,16,W/B,4549
2020-01-16T00:00:00Z,504,1899-12-31T04:32:00Z,Thursday,Queen Street and Leslie Street,Mechanical,1,1,W/B,4563
2020-01-16T00:00:00Z,504,1899-12-31T06:03:00Z,Thursday,King and Dufferin Street,Mechanical,1,1,W/B,4439
2020-01-16T00:00:00Z,306,1899-12-31T06:05:00Z,Thursday,Gerrard and Broadview,Mechanical,0,0,E/B,4442
2020-01-16T00:00:00Z,509,1899-12-31T07:01:00Z,Thursday,CNE Loop,Mechanical,6,12,E/B,4573
2020-01-16T00:00:00Z,504,1899-12-31T07:03:00Z,Thursday,Queen Street and Leslie Street,Mechanical,1,1,W/B,4433
2020-01-16T00:00:00Z,508,1899-12-31T07:22:00Z,Thursday,Quen and Roncesvalles Av.,Utilized Off Route,1,1,W/B,8374
2020-01-16T00:00:00Z,505,1899-12-31T08:20:00Z,Thursday,Dundas / Bathurst,Mechanical,4,8,r,1633
2020-01-16T00:00:00Z,506,1899-12-31T08:26:00Z,Thursday,Gerrard and Broadview,Mechanical,0,0,E/B,4595
2020-01-16T00:00:00Z,506,1899-12-31T08:28:00Z,Thursday,Gerrad and Broadview,Mechanical,0,0,E/B,4475
2020-01-16T00:00:00Z,505,1899-12-31T09:04:00Z,Thursday,Dundas West Station,General Delay,3,7,B/W,8501
2020-01-16T00:00:00Z,506,1899-12-31T10:02:00Z,Thursday,Gerrard and Greenwood,Held By,8,15,E/B,4496
2020-01-16T00:00:00Z,505,1899-12-31T10:48:00Z,Thursday,Dundas / River,Mechanical,4,7,W/B,8553
2020-01-16T00:00:00Z,501,1899-12-31T12:13:00Z,Thursday,Broadview and Queen,Mechanical,8,16,E/B,4418
2020-01-16T00:00:00Z,504,1899-12-31T13:13:00Z,Thursday,Dufferin/King,Held By,16,24,E/B,4499
2020-01-16T00:00:00Z,505,1899-12-31T13:38:00Z,Thursday,Broadview station,General Delay,21,27,B/W,1073
2020-01-16T00:00:00Z,506,1899-12-31T14:30:00Z,Thursday,Gerrard and Broadview,Mechanical,31,39,E/B,4531
2020-01-16T00:00:00Z,505,1899-12-31T14:47:00Z,Thursday,Broadview station,Utilized Off Route,6,12,W/B,1422
2020-01-16T00:00:00Z,505,1899-12-31T15:04:00Z,Thursday,Broadview station,Investigation,6,12,E/B,1136
2020-01-16T00:00:00Z,506,1899-12-31T15:28:00Z,Thursday,Dundas and Howard park,Investigation,8,16,W/B,4526
2020-01-16T00:00:00Z,504,1899-12-31T15:49:00Z,Thursday,Distillery loop,Mechanical,6,12,W/B,4598
2020-01-16T00:00:00Z,510,1899-12-31T15:55:00Z,Thursday,King and Spadina,Held By,3,6,N/B,4459
2020-01-16T00:00:00Z,506,1899-12-31T16:06:00Z,Thursday,Dundas and Howard Park,Investigation,8,16,W/B,4475
2020-01-16T00:00:00Z,505,1899-12-31T17:02:00Z,Thursday,Dundas west station,Mechanical,6,12,E/B,8553
2020-01-16T00:00:00Z,501,1899-12-31T17:47:00Z,Thursday,Queen/Peter,Investigation,7,14,E/B,4467
2020-01-16T00:00:00Z,505,1899-12-31T18:16:00Z,Thursday,Dundas west station,Investigation,6,12,E/B,1045
2020-01-16T00:00:00Z,505,1899-12-31T19:22:00Z,Thursday,Dundas west station,Utilized Off Route,6,12,E/B,1265
2020-01-16T00:00:00Z,501,1899-12-31T20:25:00Z,Thursday,Queen and Peter,Mechanical,6,12,E/B,4468
2020-01-16T00:00:00Z,512,1899-12-31T20:45:00Z,Thursday,St. Clair West STN,Held By,11,17,E/B,4552
2020-01-16T00:00:00Z,506,1899-12-31T21:39:00Z,Thursday,Dundas and Howard Park,Investigation,9,17,W/B,4475
2020-01-17T00:00:00Z,301,1899-12-31T00:23:00Z,Friday,LONG BRANCH LOOP,Mechanical,10,20,E/B,4460
2020-01-17T00:00:00Z,501,1899-12-31T00:41:00Z,Friday,neville loop,General Delay,5,10,W/B,4479
2020-01-17T00:00:00Z,501,1899-12-31T00:46:00Z,Friday,long branch loop,Mechanical,10,20,E/B,4524
2020-01-17T00:00:00Z,306,1899-12-31T01:39:00Z,Friday,Gerrard and Ashdale,Emergency Services,19,29,W/B,4597
2020-01-17T00:00:00Z,504,1899-12-31T05:29:00Z,Friday,Queen Street and Leslie street,Mechanical,1,1,W/B,4531
2020-01-17T00:00:00Z,512,1899-12-31T05:45:00Z,Friday,Bathurst and St Clair,Late Leaving Garage,6,11,E/B,4411
2020-01-17T00:00:00Z,505,1899-12-31T06:10:00Z,Friday,Dundas West Station,Mechanical,5,9,W/B,1017
2020-01-17T00:00:00Z,501,1899-12-31T06:37:00Z,Friday,Humber Loop,Emergency Services,8,16,E/B,4473
2020-01-17T00:00:00Z,505,1899-12-31T06:41:00Z,Friday,Dundas / Gladstone,Mechanical,4,7,E/B,1113
2020-01-17T00:00:00Z,504,1899-12-31T06:51:00Z,Friday,Broadview Station,Mechanical,7,14,S/B,4499
2020-01-17T00:00:00Z,501,1899-12-31T07:01:00Z,Friday,Humber Loop,Emergency Services,6,14,E/B,4508
2020-01-17T00:00:00Z,504,1899-12-31T07:20:00Z,Friday,Broadview and Dundas,Mechanical,1,1,S/B,4585
2020-01-17T00:00:00Z,508,1899-12-31T07:22:00Z,Friday,Queen and Roncesvalles,Utilized Off Route,1,1,W/B,8142
2020-01-17T00:00:00Z,511,1899-12-31T07:57:00Z,Friday,Exhibition East Loop,Mechanical,0,0,S/B,4517
2020-01-17T00:00:00Z,510,1899-12-31T08:07:00Z,Friday,Queens Quay and Spadina,Held By,110,115,W/B,4549
2020-01-17T00:00:00Z,501,1899-12-31T08:08:00Z,Friday,Eglinton Garage,Mechanical,7,0,W/B,8657
2020-01-17T00:00:00Z,506,1899-12-31T08:19:00Z,Friday,Gerrard Braodviiew,Overhead - Pantograph,1,1,E/B,4541
2020-01-17T00:00:00Z,506,1899-12-31T08:25:00Z,Friday,Broadview Gerrard,Overhead - Pantograph,1,1,E/B,4557
2020-01-17T00:00:00Z,506,1899-12-31T08:57:00Z,Friday,Gerrard Broadview,Overhead - Pantograph,1,1,E/B,4514
2020-01-17T00:00:00Z,510,1899-12-31T08:58:00Z,Friday,Spadina and King,Mechanical,5,10,S/B,4493
2020-01-17T00:00:00Z,512,1899-12-31T08:59:00Z,Friday,St. Clair and Old Weston,Mechanical,40,44,W/B,4443
2020-01-17T00:00:00Z,505,1899-12-31T09:15:00Z,Friday,Dundas / Sackville,Mechanical,4,8,W/B,1263
2020-01-17T00:00:00Z,504,1899-12-31T09:26:00Z,Friday,Leslie Barns Yard,Emergency Services,1,1,B/W,4585
2020-01-17T00:00:00Z,501,1899-12-31T09:35:00Z,Friday,Neville Loop,Mechanical,7,14,W/B,4552
2020-01-17T00:00:00Z,505,1899-12-31T09:44:00Z,Friday,Broadview Station,General Delay,4,8,W/B,1555
2020-01-17T00:00:00Z,506,1899-12-31T12:24:00Z,Friday,Dundas Howard Park,Investigation,8,16,W/B,4590
2020-01-17T00:00:00Z,505,1899-12-31T13:12:00Z,Friday,Dundas and Bathurst,Investigation,6,12,E/B,1416
2020-01-17T00:00:00Z,504,1899-12-31T13:15:00Z,Friday,Roncesvalles and Marion St,Investigation,77,84,S/B,4540
2020-01-17T00:00:00Z,505,1899-12-31T13:34:00Z,Friday,Dundas west station,Utilized Off Route,6,12,E/B,1329
2020-01-17T00:00:00Z,505,1899-12-31T14:06:00Z,Friday,Dundas and bathurst,General Delay,28,34,E/B,1029
2020-01-17T00:00:00Z,805,1899-12-31T14:22:00Z,Friday,Broadview Queen,Overhead - Pantograph,1,1,S/B,4549
2020-01-17T00:00:00Z,506,1899-12-31T14:38:00Z,Friday,Dundas and Howard Park,Investigation,7,14,W/B,4525
2020-01-17T00:00:00Z,505,1899-12-31T14:53:00Z,Friday,Broadview station,Mechanical,6,12,W/B,8522
2020-01-17T00:00:00Z,504,1899-12-31T14:59:00Z,Friday,King and Bathurst,Mechanical,7,14,W/B,4470
2020-01-17T00:00:00Z,505,1899-12-31T15:52:00Z,Friday,Broadview station,Mechanical,6,12,E/B,1029
2020-01-17T00:00:00Z,510,1899-12-31T15:55:00Z,Friday,King and Spadina,Held By,3,6,N/B,4549
2020-01-17T00:00:00Z,506,1899-12-31T16:18:00Z,Friday,College and Rusholme,Held By,12,20,E/B,4541
2020-01-17T00:00:00Z,501,1899-12-31T17:06:00Z,Friday,Queensway/South Kingsway,Investigation,7,14,E/B,4500
2020-01-17T00:00:00Z,501,1899-12-31T17:06:00Z,Friday,Humber Loop,Mechanical,0,0,E/B,4516
2020-01-17T00:00:00Z,501,1899-12-31T19:18:00Z,Friday,Queen/Leslie,Mechanical,0,0,E/B,4535
2020-01-17T00:00:00Z,501,1899-12-31T21:42:00Z,Friday,queen and peter,Investigation,10,20,W/B,4532
2020-01-18T00:00:00Z,511,1899-12-31T01:56:00Z,Saturday,CNE Loop,Emergency Services,22,30,E/B,4515
2020-01-18T00:00:00Z,301,1899-12-31T02:20:00Z,Saturday,queen and conaught,Held By,49,64,E/B,4548
2020-01-18T00:00:00Z,506,1899-12-31T09:05:00Z,Saturday,College Street West  Bathurst,Held By,30,38,E/B,4523
2020-01-18T00:00:00Z,505,1899-12-31T10:01:00Z,Saturday,Dundas and University,Mechanical,5,10,E/B,8599
2020-01-18T00:00:00Z,506,1899-12-31T10:03:00Z,Saturday,Dundas Street West  Howard Park,Investigation,8,16,W/B,4521
2020-01-18T00:00:00Z,511,1899-12-31T10:46:00Z,Saturday,Bathurst and Dundas,Mechanical,8,16,S/B,4563
2020-01-18T00:00:00Z,504,1899-12-31T11:03:00Z,Saturday,Dufferin and King,Mechanical,0,0,E/B,4469
2020-01-18T00:00:00Z,504,1899-12-31T12:05:00Z,Saturday,Queen and King,Held By,5,14,W/B,4469
2020-01-18T00:00:00Z,501,1899-12-31T12:12:00Z,Saturday,Queen and Parialment,Held By,82,90,W/B,4508
2020-01-18T00:00:00Z,504,1899-12-31T13:06:00Z,Saturday,Broadview Stn,Investigation,7,13,W/B,4584
2020-01-18T00:00:00Z,505,1899-12-31T13:24:00Z,Saturday,DWS,Mechanical,5,10,E/B,1048
2020-01-18T00:00:00Z,505,1899-12-31T13:24:00Z,Saturday,Roncesvalles and Dundas,Mechanical,5,10,E/B,1048
2020-01-18T00:00:00Z,501,1899-12-31T13:30:00Z,Saturday,Queen and Broadview,General Delay,15,23,W/B,4558
2020-01-18T00:00:00Z,501,1899-12-31T13:44:00Z,Saturday,Queen and Parliament,Investigation,6,12,E/B,4535
2020-01-18T00:00:00Z,512,1899-12-31T13:49:00Z,Saturday,St Clair West  Old Weston Rd.,Mechanical,5,10,E/B,4491
2020-01-18T00:00:00Z,509,1899-12-31T15:01:00Z,Saturday,Fleet and Bathurst,Investigation,7,14,E/B,4591
2020-01-18T00:00:00Z,505,1899-12-31T15:11:00Z,Saturday,Broadview Station,Mechanical,5,10,W/B,8529
2020-01-18T00:00:00Z,504,1899-12-31T15:30:00Z,Saturday,Bathurst and King,Held By,8,13,W/B,504
2020-01-18T00:00:00Z,506,1899-12-31T15:32:00Z,Saturday,Upper Gerrard and Glenmount Park rd,Held By,10,17,W/B,4544
2020-01-18T00:00:00Z,501,1899-12-31T16:09:00Z,Saturday,Humber Loop,Mechanical,7,14,E/B,4509
2020-01-18T00:00:00Z,506,1899-12-31T16:45:00Z,Saturday,Gerrard and Jones,Held By,81,89,E/B,4424
2020-01-18T00:00:00Z,501,1899-12-31T16:52:00Z,Saturday,Queen and Dovercourt,Mechanical,6,12,E/B,4446
2020-01-18T00:00:00Z,501,1899-12-31T17:52:00Z,Saturday,Queen and Sackville,Held By,15,22,E/B,4508
2020-01-18T00:00:00Z,501,1899-12-31T18:03:00Z,Saturday,Queen and Dovercourt,Investigation,6,12,E/B,4552
2020-01-18T00:00:00Z,506,1899-12-31T18:26:00Z,Saturday,Upper Gerrard and Glenmount Park rd,Held By,8,16,E/B,4531
2020-01-18T00:00:00Z,501,1899-12-31T19:11:00Z,Saturday,Queen and Bay,Investigation,6,12,W/B,4437
2020-01-18T00:00:00Z,504,1899-12-31T19:37:00Z,Saturday,Entire Route,General Delay,1,1,B/W,NA
2020-01-18T00:00:00Z,501,1899-12-31T19:46:00Z,Saturday,Roncesvalles and The Queensway,Investigation,6,12,W/B,4582
2020-01-18T00:00:00Z,504,1899-12-31T20:39:00Z,Saturday,Broadview and Gerrard,Investigation,15,25,S/B,4454
2020-01-18T00:00:00Z,510,1899-12-31T22:48:00Z,Saturday,Charlotte and King,Investigation,1,1,S/B,4559
2020-01-18T00:00:00Z,506,1899-12-31T23:24:00Z,Saturday,Gerrard and Pape,Investigation,8,18,E/B,4470
2020-01-19T00:00:00Z,310,1899-12-31T03:16:00Z,Sunday,Spadina and Queen,Investigation,15,30,N/B,4542
2020-01-19T00:00:00Z,306,1899-12-31T03:40:00Z,Sunday,dundas west stn,Mechanical,20,40,E/B,4463
2020-01-19T00:00:00Z,501,1899-12-31T05:42:00Z,Sunday,Queen & University,Held By,6,16,E/B,4530
2020-01-19T00:00:00Z,511,1899-12-31T08:39:00Z,Sunday,Bathurst and Fleet,Held By,8,16,S/B,4496
2020-01-19T00:00:00Z,505,1899-12-31T09:16:00Z,Sunday,Dundas West Station,Held By,8,16,E/B,3162
2020-01-19T00:00:00Z,501,1899-12-31T09:35:00Z,Sunday,Queen & Parliament,Mechanical,0,0,E/B,4444
2020-01-19T00:00:00Z,505,1899-12-31T11:35:00Z,Sunday,Broadview Station,Held By,6,12,W/B,8552
2020-01-19T00:00:00Z,505,1899-12-31T12:40:00Z,Sunday,Broadview Station,Mechanical,5,10,E/B,NA
2020-01-19T00:00:00Z,511,1899-12-31T12:46:00Z,Sunday,Fleet Loop,Held By,7,15,S/B,4472
2020-01-19T00:00:00Z,505,1899-12-31T15:49:00Z,Sunday,University Ave,Investigation,5,10,E/B,8578
2020-01-19T00:00:00Z,501,1899-12-31T16:13:00Z,Sunday,Neville Loop,Investigation,26,33,E/B,4444
2020-01-19T00:00:00Z,506,1899-12-31T16:22:00Z,Sunday,Gerrard and Highfield,Held By,11,21,W/B,4498
2020-01-19T00:00:00Z,509,1899-12-31T18:00:00Z,Sunday,Harborfront Tunnel and Queens Quay STN,Mechanical,4,13,N/B,4425
2020-01-19T00:00:00Z,511,1899-12-31T18:00:00Z,Sunday,Bloor street,Held By,12,18,N/B,4544
2020-01-19T00:00:00Z,506,1899-12-31T18:53:00Z,Sunday,Gerrard and Broadview,Held By,5,15,E/B,4551
2020-01-19T00:00:00Z,504,1899-12-31T19:55:00Z,Sunday,king and walnut,Investigation,9,45,E/B,4599
2020-01-19T00:00:00Z,512,1899-12-31T19:58:00Z,Sunday,St. Clair/Yonge Stn,Investigation,8,18,W/B,4469
2020-01-19T00:00:00Z,511,1899-12-31T20:32:00Z,Sunday,CNE,Emergency Services,6,12,E/B,4578
2020-01-19T00:00:00Z,506,1899-12-31T20:52:00Z,Sunday,Gerrard and Highfield,Held By,8,18,W/B,4577
2020-01-19T00:00:00Z,512,1899-12-31T21:49:00Z,Sunday,St. Clair/Yonge STN,Held By,10,18,W/B,4557
2020-01-19T00:00:00Z,501,1899-12-31T23:09:00Z,Sunday,W/B trailer Russell Yard,Investigation,10,20,E/B,4564
2020-01-20T00:00:00Z,506,1899-12-31T00:07:00Z,Monday,High Park Loop,Mechanical,9,18,E/B,4448
2020-01-20T00:00:00Z,301,1899-12-31T01:57:00Z,Monday,Queen and Bermount,Held By,89,99,W/B,4552
2020-01-20T00:00:00Z,301,1899-12-31T02:15:00Z,Monday,Humber Loop,Investigation,5,10,E/B,4571
2020-01-20T00:00:00Z,310,1899-12-31T04:39:00Z,Monday,Spadina and Queensquay,Mechanical,1,1,N/B,4526
2020-01-20T00:00:00Z,304,1899-12-31T05:04:00Z,Monday,Broadview and Queen Street,Mechanical,1,1,S/B,4563
2020-01-20T00:00:00Z,512,1899-12-31T05:17:00Z,Monday,St Clair & Oakwood,Mechanical,11,17,W/B,4431
2020-01-20T00:00:00Z,512,1899-12-31T05:45:00Z,Monday,St Clair & Bathurst,Utilized Off Route,4,8,E/B,4517
2020-01-20T00:00:00Z,510,1899-12-31T07:24:00Z,Monday,Queens Quay and Spadina,Mechanical,1,2,S/B,4563
2020-01-20T00:00:00Z,504,1899-12-31T07:30:00Z,Monday,King and Younge,Mechanical,1,1,W/B,4481
2020-01-20T00:00:00Z,506,1899-12-31T08:04:00Z,Monday,College and Landsdowne,Late Leaving Garage,21,0,E/B,1053
2020-01-20T00:00:00Z,505,1899-12-31T08:29:00Z,Monday,Dundas West Station,General Delay,1,1,E/B,1273
2020-01-20T00:00:00Z,506,1899-12-31T08:50:00Z,Monday,Carlton and Church,General Delay,10,18,W/B,4482
2020-01-20T00:00:00Z,504,1899-12-31T09:36:00Z,Monday,King and Fraser,Held By,5,10,E/B,4428
2020-01-20T00:00:00Z,512,1899-12-31T10:12:00Z,Monday,St Clair Stn,Mechanical,0,0,W/B,4547
2020-01-20T00:00:00Z,504,1899-12-31T10:17:00Z,Monday,King and Church Street,Held By,6,11,E/B,4536
2020-01-20T00:00:00Z,504,1899-12-31T10:32:00Z,Monday,Dundas West Station,Held By,6,12,S/B,4477
2020-01-20T00:00:00Z,504,1899-12-31T10:55:00Z,Monday,King and River,Mechanical,1,1,W/B,4522
2020-01-20T00:00:00Z,503,1899-12-31T11:23:00Z,Monday,York / Adelaide,Investigation,10,20,E/B,8479
2020-01-20T00:00:00Z,505,1899-12-31T13:43:00Z,Monday,Dundas west station,General Delay,25,31,E/B,1118
2020-01-20T00:00:00Z,505,1899-12-31T14:49:00Z,Monday,Broadview station,Mechanical,6,12,W/B,1281
2020-01-20T00:00:00Z,504,1899-12-31T16:21:00Z,Monday,King/Queen,General Delay,15,21,E/B,4515
2020-01-20T00:00:00Z,501,1899-12-31T16:45:00Z,Monday,Queen/Kingston rd,Mechanical,7,13,W/B,3627
2020-01-20T00:00:00Z,504,1899-12-31T18:18:00Z,Monday,King/Bathurst,Mechanical,6,12,E/B,4434
2020-01-20T00:00:00Z,509,1899-12-31T19:10:00Z,Monday,Queens Quay and Spadina,Mechanical,1,1,W/B,4588
2020-01-20T00:00:00Z,504,1899-12-31T19:35:00Z,Monday,Distillary loop,Held By,6,12,N/B,4579
2020-01-20T00:00:00Z,511,1899-12-31T19:46:00Z,Monday,Fleet loop,Mechanical,9,18,N/B,4419
2020-01-20T00:00:00Z,505,1899-12-31T20:07:00Z,Monday,Dundas and Jarvis,Mechanical,4,8,E/B,1040
2020-01-20T00:00:00Z,509,1899-12-31T21:35:00Z,Monday,Queens Quay and Spadina,Mechanical,1,2,W/B,4586
2020-01-20T00:00:00Z,510,1899-12-31T21:40:00Z,Monday,spadina stn,Mechanical,5,10,S/B,4497
2020-01-20T00:00:00Z,512,1899-12-31T21:50:00Z,Monday,St. Clair and Northcliffe,Mechanical,1,2,W/B,4456
2020-01-20T00:00:00Z,504,1899-12-31T21:53:00Z,Monday,dufferin loop,Mechanical,8,16,N/B,4442
2020-01-21T00:00:00Z,301,1899-12-31T00:21:00Z,Tuesday,Longbranch,Investigation,29,39,E/B,4561
2020-01-21T00:00:00Z,504,1899-12-31T00:35:00Z,Tuesday,king and spadina,Mechanical,1,11,E/B,4536
2020-01-21T00:00:00Z,510,1899-12-31T01:10:00Z,Tuesday,Spadina and Richmond,Investigation,15,25,N/B,4462
2020-01-21T00:00:00Z,304,1899-12-31T02:31:00Z,Tuesday,dundas  west stn,Mechanical,15,30,S/B,4515
2020-01-21T00:00:00Z,301,1899-12-31T03:05:00Z,Tuesday,Humber Loop,Investigation,8,16,E/B,4535
2020-01-21T00:00:00Z,501,1899-12-31T05:12:00Z,Tuesday,Lansdowne and Queen,Mechanical,10,10,E/B,4528
2020-01-21T00:00:00Z,512,1899-12-31T05:50:00Z,Tuesday,St Clair & Yonge,Held By,190,194,W/B,4592
2020-01-21T00:00:00Z,501,1899-12-31T06:30:00Z,Tuesday,Queen and Connaught,Held By,7,15,W/B,4525
2020-01-21T00:00:00Z,508,1899-12-31T07:22:00Z,Tuesday,Queen and Roncesvalles,Utilized Off Route,1,1,W/B,8483
2020-01-21T00:00:00Z,501,1899-12-31T08:06:00Z,Tuesday,Queen and Victoria,Mechanical,6,12,E/B,4528
2020-01-21T00:00:00Z,505,1899-12-31T08:42:00Z,Tuesday,Dundas West Station,General Delay,0,0,B/W,8526
2020-01-21T00:00:00Z,504,1899-12-31T08:51:00Z,Tuesday,King and University,Mechanical,7,13,E/B,4586
2020-01-21T00:00:00Z,506,1899-12-31T09:05:00Z,Tuesday,Coxwell Loop,Held By,28,36,W/B,1202
2020-01-21T00:00:00Z,506,1899-12-31T09:26:00Z,Tuesday,College and Spadina,General Delay,12,20,W/B,4433
2020-01-21T00:00:00Z,504,1899-12-31T09:32:00Z,Tuesday,Broadview and Withrow Avenue,Held By,8,14,N/B,4531
2020-01-21T00:00:00Z,501,1899-12-31T12:40:00Z,Tuesday,Queen/Victoria,Mechanical,8,15,W/B,4425
2020-01-21T00:00:00Z,505,1899-12-31T12:42:00Z,Tuesday,Dundas West Station,Mechanical,5,10,E/B,3155
2020-01-21T00:00:00Z,504,1899-12-31T13:36:00Z,Tuesday,Roncesvalles/Howard park,Held By,7,14,S/B,4429
2020-01-21T00:00:00Z,505,1899-12-31T13:44:00Z,Tuesday,Dundas and Broadview,General Delay,40,45,B/W,1003
2020-01-21T00:00:00Z,504,1899-12-31T14:31:00Z,Tuesday,Roncesvalles yard,Mechanical,6,12,S/B,4428
2020-01-21T00:00:00Z,511,1899-12-31T15:05:00Z,Tuesday,Bathurst station,Mechanical,1,1,S/B,4495
2020-01-21T00:00:00Z,505,1899-12-31T15:44:00Z,Tuesday,Dundas west station,Late Leaving Garage,5,10,E/B,1022
2020-01-21T00:00:00Z,506,1899-12-31T15:48:00Z,Tuesday,College and Augusta,Held By,8,16,W/B,4448
2020-01-21T00:00:00Z,511,1899-12-31T15:53:00Z,Tuesday,Bathurst and Fleet,Mechanical,1,1,N/B,4495
2020-01-21T00:00:00Z,510,1899-12-31T15:55:00Z,Tuesday,King and Spadina,General Delay,5,10,N/B,4543
2020-01-21T00:00:00Z,511,1899-12-31T16:45:00Z,Tuesday,Bathurst station,Emergency Services,1,1,S/B,4596
2020-01-21T00:00:00Z,509,1899-12-31T17:40:00Z,Tuesday,Fleet and Bathurst,Held By,5,13,E/B,4557
2020-01-21T00:00:00Z,504,1899-12-31T18:14:00Z,Tuesday,Dufferin/Springhurst,Investigation,29,36,N/B,4531
2020-01-21T00:00:00Z,503,1899-12-31T18:21:00Z,Tuesday,Queen and carlaw,Investigation,1,1,E/B,3104
2020-01-21T00:00:00Z,504,1899-12-31T20:48:00Z,Tuesday,King and Peter,Mechanical,22,30,W/B,4452
2020-01-21T00:00:00Z,505,1899-12-31T22:20:00Z,Tuesday,Dundas/Euclid,Investigation,5,10,W/B,9221
2020-01-21T00:00:00Z,805,1899-12-31T22:29:00Z,Tuesday,Parliament and Gerrard,Investigation,1,2,S/B,4516
2020-01-22T00:00:00Z,512,1899-12-31T00:15:00Z,Wednesday,St. Clair and Spadina,Mechanical,7,14,W/B,4522
2020-01-22T00:00:00Z,506,1899-12-31T01:38:00Z,Wednesday,Gerrard and Beaton,Held By,14,24,E/B,4551
2020-01-22T00:00:00Z,310,1899-12-31T02:13:00Z,Wednesday,Union Station,Held By,209,209,E/B,4459
2020-01-22T00:00:00Z,504,1899-12-31T04:09:00Z,Wednesday,Roncesvalles Yard,Late Leaving Garage,5,1,W/B,4470
2020-01-22T00:00:00Z,510,1899-12-31T05:15:00Z,Wednesday,Spadina & Queens Quay,Held By,33,1,E/B,4559
2020-01-22T00:00:00Z,512,1899-12-31T06:03:00Z,Wednesday,Leslie St at Queen St E,Late Leaving Garage,7,6,W/B,4491
2020-01-22T00:00:00Z,510,1899-12-31T06:06:00Z,Wednesday,Leslie St and Queen St E,Late Leaving Garage,4,8,W/B,4467
2020-01-22T00:00:00Z,504,1899-12-31T06:07:00Z,Wednesday,Leslie St and Queen St E,Late Leaving Garage,3,6,W/B,4495
2020-01-22T00:00:00Z,505,1899-12-31T06:44:00Z,Wednesday,Dundas,Utilized Off Route,0,0,W/B,1560
2020-01-22T00:00:00Z,505,1899-12-31T06:50:00Z,Wednesday,Dundas,Utilized Off Route,0,0,W/B,8403
2020-01-22T00:00:00Z,503,1899-12-31T06:53:00Z,Wednesday,York / King,Utilized Off Route,0,0,E/B,8497
2020-01-22T00:00:00Z,505,1899-12-31T06:59:00Z,Wednesday,Dundas West,Utilized Off Route,0,0,E/B,1111
2020-01-22T00:00:00Z,505,1899-12-31T07:04:00Z,Wednesday,Dundas West Station,Utilized Off Route,0,0,E/B,1549
2020-01-22T00:00:00Z,505,1899-12-31T07:16:00Z,Wednesday,Dundas West Station,General Delay,4,7,E/B,1113
2020-01-22T00:00:00Z,505,1899-12-31T07:16:00Z,Wednesday,Dundas / Keele,Utilized Off Route,0,0,E/B,8530
2020-01-22T00:00:00Z,505,1899-12-31T07:21:00Z,Wednesday,Dundas West Station,Utilized Off Route,0,0,E/B,8482
2020-01-22T00:00:00Z,506,1899-12-31T07:49:00Z,Wednesday,Leslie St and Queen St E,Late Leaving Garage,14,10,W/B,4570
2020-01-22T00:00:00Z,506,1899-12-31T07:58:00Z,Wednesday,Main Station,Utilized Off Route,8,0,W/B,8512
2020-01-22T00:00:00Z,506,1899-12-31T07:59:00Z,Wednesday,College and Landsdowne,Utilized Off Route,8,0,E/B,1130
2020-01-22T00:00:00Z,506,1899-12-31T08:06:00Z,Wednesday,Main Station,Utilized Off Route,4,8,W/B,8631
2020-01-22T00:00:00Z,506,1899-12-31T08:07:00Z,Wednesday,College and Landsdowne,Utilized Off Route,4,8,E/B,1147
2020-01-22T00:00:00Z,501,1899-12-31T08:15:00Z,Wednesday,Roncessvalles and Queen,Utilized Off Route,3,6,E/B,8097
2020-01-22T00:00:00Z,501,1899-12-31T08:17:00Z,Wednesday,Queen and Kingston Rd,Utilized Off Route,6,0,W/B,8797
2020-01-22T00:00:00Z,506,1899-12-31T08:22:00Z,Wednesday,Main Station,Utilized Off Route,4,8,W/B,3161
2020-01-22T00:00:00Z,501,1899-12-31T08:22:00Z,Wednesday,Roncesvalles and Queen,Utilized Off Route,3,6,E/B,8038
2020-01-22T00:00:00Z,501,1899-12-31T08:23:00Z,Wednesday,Queen and Kingston Rd.,Utilized Off Route,3,6,W/B,8826
2020-01-22T00:00:00Z,506,1899-12-31T08:23:00Z,Wednesday,College and Landsdowne,Utilized Off Route,4,8,E/B,1099
2020-01-22T00:00:00Z,501,1899-12-31T08:29:00Z,Wednesday,Queen and Roncesvalles,Utilized Off Route,3,6,E/B,8046
2020-01-22T00:00:00Z,501,1899-12-31T08:30:00Z,Wednesday,Queen and Kingston rd,Utilized Off Route,3,6,W/B,8885
2020-01-22T00:00:00Z,506,1899-12-31T08:31:00Z,Wednesday,College and Dundas,Utilized Off Route,4,8,E/B,NA
2020-01-22T00:00:00Z,506,1899-12-31T09:16:00Z,Wednesday,Carlton and Jarvis,General Delay,12,20,E/B,4518
2020-01-22T00:00:00Z,501,1899-12-31T09:21:00Z,Wednesday,Queen and University,General Delay,18,24,W/B,4558
2020-01-22T00:00:00Z,506,1899-12-31T09:25:00Z,Wednesday,Main station,Utilized Off Route,4,8,W/B,8576
2020-01-22T00:00:00Z,504,1899-12-31T09:27:00Z,Wednesday,Rocesvalles and Howad Park,Mechanical,5,10,S/B,4410
2020-01-22T00:00:00Z,505,1899-12-31T09:42:00Z,Wednesday,Dundas / Bay,Emergency Services,3,7,E/B,8406
2020-01-22T00:00:00Z,504,1899-12-31T10:20:00Z,Wednesday,King and Dufferin,Emergency Services,418,426,W/B,4560
2020-01-22T00:00:00Z,501,1899-12-31T11:19:00Z,Wednesday,Queen and Shaw,Investigation,7,14,E/B,4423
2020-01-22T00:00:00Z,505,1899-12-31T11:53:00Z,Wednesday,Dundas / Spadina,Mechanical,4,8,E/B,1024
2020-01-22T00:00:00Z,504,1899-12-31T13:20:00Z,Wednesday,King/Sumach to Brodview station,General Delay,20,26,E/B,4590
2020-01-22T00:00:00Z,501,1899-12-31T13:38:00Z,Wednesday,Humber Loop,Mechanical,10,20,W/B,4562
2020-01-22T00:00:00Z,505,1899-12-31T13:45:00Z,Wednesday,Dundas west station,Mechanical,6,12,E/B,1013
2020-01-22T00:00:00Z,505,1899-12-31T14:03:00Z,Wednesday,dundas and bay,General Delay,31,37,B/W,8962
2020-01-22T00:00:00Z,505,1899-12-31T14:17:00Z,Wednesday,Broadview Station,Mechanical,6,12,E/B,1418
2020-01-22T00:00:00Z,505,1899-12-31T15:47:00Z,Wednesday,Dundas west stn,Late Leaving Garage,6,12,E/B,1040
2020-01-22T00:00:00Z,501,1899-12-31T16:01:00Z,Wednesday,Queen/Connaught,Late Leaving Garage,6,11,E/B,4561
2020-01-22T00:00:00Z,510,1899-12-31T16:02:00Z,Wednesday,King and Spadina,General Delay,5,10,N/B,4473
2020-01-22T00:00:00Z,505,1899-12-31T16:16:00Z,Wednesday,Broadview Station,Mechanical,6,12,W/B,1411
2020-01-22T00:00:00Z,505,1899-12-31T18:31:00Z,Wednesday,Broadview Station,Mechanical,6,12,W/B,8962
2020-01-22T00:00:00Z,705,1899-12-31T18:38:00Z,Wednesday,St. Clair Station,General Delay,12,17,W/B,4556
2020-01-22T00:00:00Z,511,1899-12-31T18:56:00Z,Wednesday,Fleet loop,Emergency Services,8,16,N/B,4463
2020-01-22T00:00:00Z,506,1899-12-31T19:03:00Z,Wednesday,College and Crawford,Investigation,38,46,E/B,4570
2020-01-22T00:00:00Z,506,1899-12-31T19:10:00Z,Wednesday,College and Ossington,Held By,12,20,W/B,4445
2020-01-22T00:00:00Z,505,1899-12-31T19:27:00Z,Wednesday,Dundas and Ossington,Mechanical,6,12,E/B,1013
2020-01-22T00:00:00Z,504,1899-12-31T20:01:00Z,Wednesday,King and Bathurst,Emergency Services,27,35,W/B,4597
2020-01-22T00:00:00Z,505,1899-12-31T20:21:00Z,Wednesday,Dundas and Spadina,Utilized Off Route,6,12,E/B,3161
2020-01-22T00:00:00Z,504,1899-12-31T21:05:00Z,Wednesday,King and Sackville,Emergency Services,8,16,W/B,4582
2020-01-23T00:00:00Z,306,1899-12-31T01:55:00Z,Thursday,College and Jarvis,Held By,15,25,E/B,4458
2020-01-23T00:00:00Z,504,1899-12-31T05:25:00Z,Thursday,Leslie and Lakeshore,Mechanical,8,16,N/B,4551
2020-01-23T00:00:00Z,510,1899-12-31T05:33:00Z,Thursday,St Clair and Bathurst,Held By,5,10,W/B,4593
2020-01-23T00:00:00Z,510,1899-12-31T05:51:00Z,Thursday,King and Spadina,Held By,8,15,N/B,4495
2020-01-23T00:00:00Z,509,1899-12-31T06:08:00Z,Thursday,CNE Loop,Mechanical,6,12,E/B,4491
2020-01-23T00:00:00Z,508,1899-12-31T06:58:00Z,Thursday,Queen and Roncesvalles Av.,Utilized Off Route,1,1,W/B,8341
2020-01-23T00:00:00Z,509,1899-12-31T07:35:00Z,Thursday,CNE Loop,Mechanical,6,12,E/B,4491
2020-01-23T00:00:00Z,505,1899-12-31T08:27:00Z,Thursday,Broadview Station,General Delay,4,8,W/B,1060
2020-01-23T00:00:00Z,511,1899-12-31T09:03:00Z,Thursday,Bathurst / King,Held By,8,15,N/B,4454
2020-01-23T00:00:00Z,501,1899-12-31T09:11:00Z,Thursday,Queen and John,Mechanical,4,8,W/B,8641
2020-01-23T00:00:00Z,504,1899-12-31T09:28:00Z,Thursday,Broadview and Queen,Mechanical,1,1,S/B,4426
2020-01-23T00:00:00Z,504,1899-12-31T10:42:00Z,Thursday,King and River,Mechanical,1,1,W/B,4584
2020-01-23T00:00:00Z,501,1899-12-31T11:06:00Z,Thursday,Queensway and Parkside,Held By,8,15,E/B,4571
2020-01-23T00:00:00Z,501,1899-12-31T11:58:00Z,Thursday,Queen ad Yonge,Investigation,31,38,W/B,4581
2020-01-23T00:00:00Z,505,1899-12-31T14:12:00Z,Thursday,Dundas and Yonge,Investigation,6,12,E/B,8478
2020-01-23T00:00:00Z,505,1899-12-31T14:17:00Z,Thursday,Dundas and River,General Delay,14,20,B/W,3112
2020-01-23T00:00:00Z,501,1899-12-31T14:46:00Z,Thursday,Lakeshore/Longbranch Ave.,Investigation,103,113,W/B,4562
2020-01-23T00:00:00Z,501,1899-12-31T15:08:00Z,Thursday,Queen/Pape,Investigation,7,15,W/B,4447
2020-01-23T00:00:00Z,512,1899-12-31T15:12:00Z,Thursday,St. Clair and Bathurst,Investigation,11,16,W/B,4498
2020-01-23T00:00:00Z,504,1899-12-31T15:25:00Z,Thursday,Distillery loop,Mechanical,48,54,W/B,4486
2020-01-23T00:00:00Z,510,1899-12-31T15:51:00Z,Thursday,King and Spadina,General Delay,5,10,N/B,4522
2020-01-23T00:00:00Z,501,1899-12-31T16:09:00Z,Thursday,Lakeshore/Longbranch Loop,Mechanical,5,12,E/B,4448
2020-01-23T00:00:00Z,505,1899-12-31T16:23:00Z,Thursday,Dundas and Sorauren ave,Utilized Off Route,6,12,E/B,1080
2020-01-23T00:00:00Z,506,1899-12-31T16:23:00Z,Thursday,Dundas and Sorauren,Held By,17,25,W/B,4440
2020-01-23T00:00:00Z,505,1899-12-31T16:35:00Z,Thursday,Dundas west station,Utilized Off Route,6,12,E/B,1116
2020-01-23T00:00:00Z,505,1899-12-31T17:56:00Z,Thursday,Broadview Station,Investigation,6,12,W/B,1114
2020-01-23T00:00:00Z,505,1899-12-31T18:06:00Z,Thursday,Broadview Station,Mechanical,6,12,W/B,8500
2020-01-23T00:00:00Z,506,1899-12-31T19:05:00Z,Thursday,College and Yonge,Held By,39,47,E/B,4452
2020-01-23T00:00:00Z,509,1899-12-31T20:10:00Z,Thursday,Queen and Broadview,Mechanical,1,1,E/B,4510
2020-01-23T00:00:00Z,501,1899-12-31T20:14:00Z,Thursday,Queen/Gerrard,Mechanical,86,96,E/B,4558
2020-01-23T00:00:00Z,511,1899-12-31T21:34:00Z,Thursday,Bathurst Stn,Mechanical,8,16,S/B,4443
2020-01-23T00:00:00Z,509,1899-12-31T21:42:00Z,Thursday,Bathurst and Fleet,Held By,27,36,W/B,4502
2020-01-23T00:00:00Z,505,1899-12-31T22:48:00Z,Thursday,Broadview Stn,Mechanical,7,14,E/B,8554
2020-01-23T00:00:00Z,501,1899-12-31T23:11:00Z,Thursday,Russell Yard,Investigation,10,20,W/B,4589
2020-01-24T00:00:00Z,505,1899-12-31T00:12:00Z,Friday,DUNDAS WEST STN,Mechanical,7,14,W/B,1007
2020-01-24T00:00:00Z,511,1899-12-31T01:16:00Z,Friday,Bathurst and King,Investigation,29,38,N/B,4434
2020-01-24T00:00:00Z,304,1899-12-31T03:10:00Z,Friday,Broadview Station,Emergency Services,15,30,W/B,4506
2020-01-24T00:00:00Z,304,1899-12-31T05:33:00Z,Friday,Broadview and Queen,Mechanical,1,1,S/B,4431
2020-01-24T00:00:00Z,506,1899-12-31T07:00:00Z,Friday,Coxwell  Lower Gerrard,Overhead - Pantograph,1,1,N/B,4412
2020-01-24T00:00:00Z,504,1899-12-31T07:04:00Z,Friday,Roncesvalles Yard,Mechanical,23,28,N/B,4582
2020-01-24T00:00:00Z,506,1899-12-31T07:21:00Z,Friday,Coxwell Lower Gerrard,Overhead - Pantograph,1,1,N/B,4427
2020-01-24T00:00:00Z,508,1899-12-31T07:28:00Z,Friday,Queen and Roncesvalles,Utilized Off Route,1,1,W/B,8324
2020-01-24T00:00:00Z,505,1899-12-31T07:47:00Z,Friday,Broadview Station,Mechanical,4,7,W/B,8959
2020-01-24T00:00:00Z,504,1899-12-31T08:42:00Z,Friday,King and Dufferin,Mechanical,1,1,W/B,4457
2020-01-24T00:00:00Z,504,1899-12-31T08:54:00Z,Friday,King and Dufferin,Mechanical,1,1,W/B,4437
2020-01-24T00:00:00Z,505,1899-12-31T09:03:00Z,Friday,Dundas and yonge,General Delay,8,12,B/W,1265
2020-01-24T00:00:00Z,504,1899-12-31T12:56:00Z,Friday,King/Spadina,Investigation,28,35,W/B,4473
2020-01-24T00:00:00Z,504,1899-12-31T13:09:00Z,Friday,King/John,Investigation,26,33,E/B,4457
2020-01-24T00:00:00Z,505,1899-12-31T13:27:00Z,Friday,Dundas and spadina,Held By,39,43,B/W,1012
2020-01-24T00:00:00Z,512,1899-12-31T13:43:00Z,Friday,St Clair STN,Mechanical,1,1,E/B,4556
2020-01-24T00:00:00Z,505,1899-12-31T13:49:00Z,Friday,Broadview station,Utilized Off Route,6,12,W/B,8405
2020-01-24T00:00:00Z,505,1899-12-31T14:12:00Z,Friday,Dundas and Huron,General Delay,21,27,E/B,8469
2020-01-24T00:00:00Z,503,1899-12-31T14:43:00Z,Friday,king and york,Utilized Off Route,10,20,E/B,8571
2020-01-24T00:00:00Z,505,1899-12-31T15:12:00Z,Friday,Dundas west station,Emergency Services,1,1,W/B,3134
2020-01-24T00:00:00Z,501,1899-12-31T20:51:00Z,Friday,humber loop,Mechanical,7,15,E/B,4568
2020-01-24T00:00:00Z,505,1899-12-31T21:01:00Z,Friday,Dundas and bathurst,Mechanical,6,12,W/B,1012
2020-01-24T00:00:00Z,501,1899-12-31T21:27:00Z,Friday,QUEEN AND BROOKFIELD,Investigation,7,47,E/B,4548
2020-01-24T00:00:00Z,511,1899-12-31T22:07:00Z,Friday,Bathurst Station,Emergency Services,12,22,S/B,4543
2020-01-24T00:00:00Z,512,1899-12-31T22:40:00Z,Friday,St. Clair and Lansdown Loop,Emergency Services,8,16,E/B,4502
2020-01-24T00:00:00Z,501,1899-12-31T22:58:00Z,Friday,QUEENSWAY AND GLENDALE,Held By,10,20,E/B,4509
2020-01-25T00:00:00Z,501,1899-12-31T07:37:00Z,Saturday,Humber Loop,Investigation,9,19,W/B,4417
2020-01-25T00:00:00Z,504,1899-12-31T07:40:00Z,Saturday,Distilliary Loop,Investigation,20,30,W/B,4584
2020-01-25T00:00:00Z,506,1899-12-31T10:10:00Z,Saturday,Gerrard Golfview,Held By,13,21,W/B,4473
2020-01-25T00:00:00Z,510,1899-12-31T10:37:00Z,Saturday,Queens Quay,Mechanical,8,16,N/B,3141
2020-01-25T00:00:00Z,509,1899-12-31T11:31:00Z,Saturday,Mt Dennis Garage,Mechanical,8,16,W/B,NA
2020-01-25T00:00:00Z,505,1899-12-31T11:39:00Z,Saturday,Mt Dennis,Mechanical,8,16,W/B,3732
2020-01-25T00:00:00Z,505,1899-12-31T12:06:00Z,Saturday,Yonge and Dundas,Mechanical,8,16,W/B,8570
2020-01-25T00:00:00Z,512,1899-12-31T12:49:00Z,Saturday,St Clair West Oakwood,Overhead - Pantograph,6,12,E/B,4453
2020-01-25T00:00:00Z,506,1899-12-31T13:06:00Z,Saturday,Gerrard Marjory,Investigation,44,50,E/B,4487
2020-01-25T00:00:00Z,185,1899-12-31T13:22:00Z,Saturday,Dundas West Station,Mechanical,4,8,E/B,1529
2020-01-25T00:00:00Z,504,1899-12-31T14:13:00Z,Saturday,Entire Line,General Delay,1,1,B/W,NA
2020-01-25T00:00:00Z,511,1899-12-31T15:28:00Z,Saturday,CNE,Mechanical,6,12,S/B,4592
2020-01-25T00:00:00Z,504,1899-12-31T16:41:00Z,Saturday,King and Trinity,Held By,37,43,W/B,4525
2020-01-25T00:00:00Z,504,1899-12-31T16:41:00Z,Saturday,King and Trinity,Held By,37,43,E/B,NA
2020-01-25T00:00:00Z,512,1899-12-31T16:50:00Z,Saturday,St. Clair and Vaughan,Held By,8,16,B/W,4518
2020-01-25T00:00:00Z,505,1899-12-31T18:14:00Z,Saturday,Bay Street,General Delay,18,22,E/B,9205
2020-01-25T00:00:00Z,512,1899-12-31T18:25:00Z,Saturday,St. Clair and Bathurst,Held By,6,12,W/B,4596
2020-01-25T00:00:00Z,506,1899-12-31T21:38:00Z,Saturday,Gerrard and Logan,Held By,20,28,E/B,4557
2020-01-25T00:00:00Z,506,1899-12-31T21:42:00Z,Saturday,College and Bay,Investigation,8,16,W/B,4473
2020-01-25T00:00:00Z,505,1899-12-31T21:49:00Z,Saturday,DUNDAS WEST STN,Emergency Services,6,13,W/B,8493
2020-01-25T00:00:00Z,511,1899-12-31T22:05:00Z,Saturday,Bathurst and Fleet,Mechanical,9,18,S/B,4543
2020-01-25T00:00:00Z,501,1899-12-31T22:32:00Z,Saturday,HUMBER LOOP,Mechanical,5,6,E/B,4429
2020-01-25T00:00:00Z,501,1899-12-31T22:58:00Z,Saturday,QUEENSWAY AND GLENDALE,Held By,10,20,E/B,4509
2020-01-26T00:00:00Z,505,1899-12-31T00:20:00Z,Sunday,BROADVIEW STATION,Mechanical,11,20,W/B,1348
2020-01-26T00:00:00Z,506,1899-12-31T00:20:00Z,Sunday,Parkside and Howard Park,Emergency Services,28,38,W/B,4541
2020-01-26T00:00:00Z,504,1899-12-31T02:15:00Z,Sunday,King and Portland,Held By,20,35,B/W,4534
2020-01-26T00:00:00Z,301,1899-12-31T02:19:00Z,Sunday,NEVILLE LOOP,Mechanical,8,15,E/B,4568
2020-01-26T00:00:00Z,301,1899-12-31T03:15:00Z,Sunday,LONG BRANCH LOOP,Mechanical,5,10,E/B,4444
2020-01-26T00:00:00Z,306,1899-12-31T03:56:00Z,Sunday,MAIN STREET STATION,Mechanical,10,30,W/B,4497
2020-01-26T00:00:00Z,306,1899-12-31T03:56:00Z,Sunday,MAIN STREET STATION,Mechanical,5,20,W/B,4497
2020-01-26T00:00:00Z,505,1899-12-31T12:58:00Z,Sunday,Gladstone and Dundas,Mechanical,7,14,E/B,8526
2020-01-26T00:00:00Z,501,1899-12-31T14:46:00Z,Sunday,Queen and University,Mechanical,7,14,W/B,4540
2020-01-26T00:00:00Z,501,1899-12-31T14:48:00Z,Sunday,Queen and  Yonge,Mechanical,7,14,W/B,4542
2020-01-26T00:00:00Z,505,1899-12-31T15:29:00Z,Sunday,Sackville,Emergency Services,6,12,W/B,1004
2020-01-26T00:00:00Z,505,1899-12-31T15:34:00Z,Sunday,DWS,Mechanical,6,12,W/B,3732
2020-01-26T00:00:00Z,512,1899-12-31T15:56:00Z,Sunday,Gunns Loop,Mechanical,13,18,E/B,4556
2020-01-26T00:00:00Z,504,1899-12-31T16:15:00Z,Sunday,Roncy and Garden,Held By,6,14,N/B,4516
2020-01-26T00:00:00Z,501,1899-12-31T16:41:00Z,Sunday,Queen and Spadina,Investigation,7,14,W/B,4435
2020-01-26T00:00:00Z,501,1899-12-31T16:52:00Z,Sunday,Queen and University,Held By,10,17,W/B,4598
2020-01-26T00:00:00Z,506,1899-12-31T19:14:00Z,Sunday,Carlton and Yonge,Held By,8,16,W/B,4506
2020-01-26T00:00:00Z,504,1899-12-31T20:41:00Z,Sunday,DUNDAS WEST STATION,Emergency Services,10,17,E/B,4595
2020-01-26T00:00:00Z,501,1899-12-31T21:54:00Z,Sunday,Queen and Roncesvalles,Investigation,17,27,W/B,4563
2020-01-27T00:00:00Z,301,1899-12-31T01:05:00Z,Monday,Queensway and Glendale,Held By,117,127,E/B,4484
2020-01-27T00:00:00Z,501,1899-12-31T03:57:00Z,Monday,Russell Yard,Held By,10,20,E/B,4571
2020-01-27T00:00:00Z,301,1899-12-31T04:42:00Z,Monday,Queensway and King,Investigation,15,25,E/B,4563
2020-01-27T00:00:00Z,304,1899-12-31T05:00:00Z,Monday,Broadview and Queen,Mechanical,1,1,S/B,4586
2020-01-27T00:00:00Z,504,1899-12-31T05:18:00Z,Monday,Leslie and Commissioners,General Delay,1,1,N/B,4525
2020-01-27T00:00:00Z,504,1899-12-31T05:18:00Z,Monday,Leslie and Commissioners,General Delay,1,1,N/B,4474
2020-01-27T00:00:00Z,504,1899-12-31T06:52:00Z,Monday,Broadview and Queen,General Delay,5,10,N/B,4577
2020-01-27T00:00:00Z,504,1899-12-31T07:08:00Z,Monday,Broadview and Queen,General Delay,5,10,E/B,4600
2020-01-27T00:00:00Z,508,1899-12-31T07:22:00Z,Monday,Queen and Roncesvalles,Utilized Off Route,1,1,W/B,8162
2020-01-27T00:00:00Z,506,1899-12-31T07:30:00Z,Monday,College and Landsdowne,Late Leaving Garage,23,31,E/B,1590
2020-01-27T00:00:00Z,505,1899-12-31T09:02:00Z,Monday,Dundas West Station,General Delay,4,8,E/B,3107
2020-01-27T00:00:00Z,504,1899-12-31T09:20:00Z,Monday,King and Roncesvalles,Mechanical,6,12,E/B,4554
2020-01-27T00:00:00Z,504,1899-12-31T09:28:00Z,Monday,Broadview and Queen,Mechanical,1,1,S/B,4461
2020-01-27T00:00:00Z,504,1899-12-31T10:11:00Z,Monday,Broadview and Queen,Mechanical,1,1,S/B,4583
2020-01-27T00:00:00Z,54,1899-12-31T11:26:00Z,Monday,Queen and Broadview,Emergency Services,1,1,E/B,4495
2020-01-27T00:00:00Z,504,1899-12-31T11:56:00Z,Monday,King and Strachan,Mechanical,12,17,E/B,4600
2020-01-27T00:00:00Z,505,1899-12-31T13:35:00Z,Monday,Dundas and bathurst,Mechanical,5,10,W/B,1057
2020-01-27T00:00:00Z,505,1899-12-31T13:35:00Z,Monday,Dundas and Bathurst,General Delay,18,23,E/B,1205
2020-01-27T00:00:00Z,501,1899-12-31T14:02:00Z,Monday,Lakeshore/Parklawn,Investigation,10,20,W/B,4501
2020-01-27T00:00:00Z,501,1899-12-31T14:28:00Z,Monday,Lakeshore/Kipling,Investigation,29,39,B/W,4542
2020-01-27T00:00:00Z,504,1899-12-31T14:28:00Z,Monday,Leslie Barns,Late Leaving Garage,6,12,W/B,4418
2020-01-27T00:00:00Z,503,1899-12-31T14:47:00Z,Monday,King and york,Utilized Off Route,10,20,W/B,8951
2020-01-27T00:00:00Z,512,1899-12-31T14:51:00Z,Monday,St. Clair and Winona,Investigation,10,15,E/B,4531
2020-01-27T00:00:00Z,504,1899-12-31T15:11:00Z,Monday,Mill Street,Mechanical,1,1,W/B,4547
2020-01-27T00:00:00Z,506,1899-12-31T16:18:00Z,Monday,College and Bathurst,Investigation,1,2,E/B,4556
2020-01-27T00:00:00Z,501,1899-12-31T16:37:00Z,Monday,Neville Loop,Mechanical,6,13,W/B,4584
2020-01-27T00:00:00Z,504,1899-12-31T17:04:00Z,Monday,Shaw and King,Mechanical,1,1,W/B,4528
2020-01-27T00:00:00Z,504,1899-12-31T18:45:00Z,Monday,Grenadier,Mechanical,1,1,W/B,4576
2020-01-27T00:00:00Z,501,1899-12-31T18:50:00Z,Monday,Neville Loop,Mechanical,8,12,W/B,4548
2020-01-27T00:00:00Z,511,1899-12-31T21:23:00Z,Monday,Bathurst and Dundas,Investigation,20,29,S/B,4536
2020-01-28T00:00:00Z,510,1899-12-31T00:08:00Z,Tuesday,spadina and king,Held By,44,53,S/B,4488
2020-01-28T00:00:00Z,504,1899-12-31T05:34:00Z,Tuesday,Leslie and Queen,Mechanical,1,1,W/B,4434
2020-01-28T00:00:00Z,506,1899-12-31T06:25:00Z,Tuesday,Coxwell and Lower Gerrarrd,Mechanical,0,0,N/B,4436
2020-01-28T00:00:00Z,504,1899-12-31T07:03:00Z,Tuesday,Broadview Station,Mechanical,6,12,S/B,4523
2020-01-28T00:00:00Z,506,1899-12-31T07:38:00Z,Tuesday,College and Landsdowne,Mechanical,16,24,E/B,1146
2020-01-28T00:00:00Z,512,1899-12-31T07:49:00Z,Tuesday,St Clair & Lansdowne,Mechanical,4,8,E/B,4522
2020-01-28T00:00:00Z,505,1899-12-31T08:13:00Z,Tuesday,Mt Dennis  Garage,Late Leaving Garage,4,8,E/B,1116
2020-01-28T00:00:00Z,505,1899-12-31T08:44:00Z,Tuesday,Dundas West Station,General Delay,0,0,E/B,9202
2020-01-28T00:00:00Z,512,1899-12-31T08:52:00Z,Tuesday,St Clair & Lansdowne,Utilized Off Route,4,8,W/B,4446
2020-01-28T00:00:00Z,504,1899-12-31T09:26:00Z,Tuesday,King and Dufferin,Mechanical,1,1,E/B,4470
2020-01-28T00:00:00Z,510,1899-12-31T10:00:00Z,Tuesday,Spadina Stn,Mechanical,4,9,S/B,4558
2020-01-28T00:00:00Z,504,1899-12-31T10:15:00Z,Tuesday,Dundas West Station,Mechanical,1,1,S/B,4459
2020-01-28T00:00:00Z,501,1899-12-31T10:42:00Z,Tuesday,Queen and Sumach,Investigation,14,22,E/B,4490
2020-01-28T00:00:00Z,505,1899-12-31T11:35:00Z,Tuesday,Dundas / Victoria,Emergency Services,4,8,E/B,1072
2020-01-28T00:00:00Z,512,1899-12-31T13:36:00Z,Tuesday,Leslie Barns,Late Leaving Garage,6,12,W/B,4526
2020-01-28T00:00:00Z,504,1899-12-31T13:40:00Z,Tuesday,King and Yonge,Held By,20,28,E/B,4424
2020-01-28T00:00:00Z,505,1899-12-31T13:48:00Z,Tuesday,Dundas and Dufferin,General Delay,19,25,E/B,1131
2020-01-28T00:00:00Z,505,1899-12-31T14:10:00Z,Tuesday,Broadview station,Utilized Off Route,6,12,W/B,1141
2020-01-28T00:00:00Z,504,1899-12-31T15:35:00Z,Tuesday,King and Brant,Mechanical,1,1,E/B,4495
2020-01-28T00:00:00Z,501,1899-12-31T17:12:00Z,Tuesday,Neville Loop,Mechanical,7,14,W/B,4569
2020-01-28T00:00:00Z,505,1899-12-31T17:39:00Z,Tuesday,Dundas west station,Mechanical,6,12,E/B,1072
2020-01-28T00:00:00Z,501,1899-12-31T18:45:00Z,Tuesday,Queen/Roncesvalles,Mechanical,6,13,W/B,4447
2020-01-28T00:00:00Z,504,1899-12-31T20:54:00Z,Tuesday,Broadview and Langley,Investigation,11,19,N/B,4558
2020-01-28T00:00:00Z,504,1899-12-31T23:48:00Z,Tuesday,King and Peter,Held By,16,24,E/B,4560
2020-01-29T00:00:00Z,510,1899-12-31T00:49:00Z,Wednesday,Spadina Station,Mechanical,9,18,S/B,4596
2020-01-29T00:00:00Z,505,1899-12-31T07:47:00Z,Wednesday,Mt Dennis Garage,Late Leaving Garage,4,8,W/B,1105
2020-01-29T00:00:00Z,505,1899-12-31T08:20:00Z,Wednesday,Dundas / Brock,Mechanical,4,8,E/B,8489
2020-01-29T00:00:00Z,501,1899-12-31T08:33:00Z,Wednesday,Queensway and Roncy,Mechanical,7,0,E/B,7966
2020-01-29T00:00:00Z,505,1899-12-31T08:39:00Z,Wednesday,Dundas West Station,General Delay,0,0,r,1268
2020-01-29T00:00:00Z,506,1899-12-31T08:53:00Z,Wednesday,College and Bay,Mechanical,7,15,E/B,4571
2020-01-29T00:00:00Z,501,1899-12-31T12:12:00Z,Wednesday,Queen and Ossington,Mechanical,23,30,W/B,4584
2020-01-29T00:00:00Z,504,1899-12-31T12:22:00Z,Wednesday,King and Close Ave,Investigation,47,54,E/B,4475
2020-01-29T00:00:00Z,505,1899-12-31T14:56:00Z,Wednesday,Dufferin and Dundas,Investigation,4,8,E/B,8500
2020-01-29T00:00:00Z,504,1899-12-31T15:13:00Z,Wednesday,Roncesvalles yard,Mechanical,1,1,N/B,4417
2020-01-29T00:00:00Z,504,1899-12-31T15:24:00Z,Wednesday,Dundas West Station,Mechanical,6,12,N/B,4417
2020-01-29T00:00:00Z,505,1899-12-31T15:45:00Z,Wednesday,Danforth and Donlands,Mechanical,3,7,W/B,9201
2020-01-29T00:00:00Z,504,1899-12-31T15:49:00Z,Wednesday,Marion and Roncesvalles,Mechanical,6,12,S/B,4417
2020-01-29T00:00:00Z,505,1899-12-31T16:04:00Z,Wednesday,Dufferin and Dundas,Mechanical,4,7,E/B,1085
2020-01-29T00:00:00Z,511,1899-12-31T16:35:00Z,Wednesday,Bathurst and Robinson,Investigation,8,16,S/B,4494
2020-01-29T00:00:00Z,512,1899-12-31T17:29:00Z,Wednesday,St. Clair and Bathurst,Investigation,6,10,E/B,4477
2020-01-29T00:00:00Z,512,1899-12-31T17:58:00Z,Wednesday,Sty. Clair and Winona,Investigation,5,9,E/B,4597
2020-01-29T00:00:00Z,505,1899-12-31T18:01:00Z,Wednesday,Entire Line,General Delay,1,1,btw,NA
2020-01-29T00:00:00Z,505,1899-12-31T18:35:00Z,Wednesday,Broadview Stn,Utilized Off Route,3,7,W/B,1127
2020-01-29T00:00:00Z,506,1899-12-31T22:00:00Z,Wednesday,College and St. George,Mechanical,1,1,W/B,4504
2020-01-29T00:00:00Z,506,1899-12-31T23:29:00Z,Wednesday,College and Bay,Held By,7,16,E/B,4569
2020-01-29T00:00:00Z,511,1899-12-31T23:38:00Z,Wednesday,Bathurst Station,Mechanical,9,18,S/B,4453
2020-01-30T00:00:00Z,512,1899-12-31T01:40:00Z,Thursday,St Clair and Tweedsmuir,Mechanical,36,43,W/B,4573
2020-01-30T00:00:00Z,512,1899-12-31T05:20:00Z,Thursday,St. Clair West Station,Held By,6,17,E/B,4577
2020-01-30T00:00:00Z,306,1899-12-31T05:27:00Z,Thursday,Coxwell and Gerrard,Mechanical,0,0,S/B,4421
2020-01-30T00:00:00Z,512,1899-12-31T06:15:00Z,Thursday,St. Clair Station,Held By,12,18,E/B,4596
2020-01-30T00:00:00Z,504,1899-12-31T06:56:00Z,Thursday,King and Dufferin,Mechanical,1,1,W/B,4439
2020-01-30T00:00:00Z,506,1899-12-31T07:50:00Z,Thursday,Main Station,Late Leaving Garage,5,13,W/B,8575
2020-01-30T00:00:00Z,504,1899-12-31T08:09:00Z,Thursday,King and Jarvis,Investigation,29,34,W/B,4589
2020-01-30T00:00:00Z,504,1899-12-31T08:09:00Z,Thursday,King and Jarvis Street,Investigation,29,34,W/B,4589
2020-01-30T00:00:00Z,505,1899-12-31T08:10:00Z,Thursday,Mt Dennis Garage,Late Leaving Garage,4,8,W/B,1040
2020-01-30T00:00:00Z,504,1899-12-31T08:56:00Z,Thursday,King and Parliament,Mechanical,1,1,W/B,4554
2020-01-30T00:00:00Z,508,1899-12-31T09:23:00Z,Thursday,College and Crawford,Investigation,0,0,W/B,8346
2020-01-30T00:00:00Z,501,1899-12-31T09:49:00Z,Thursday,Sunnyside loop,Held By,33,38,W/B,8786
2020-01-30T00:00:00Z,505,1899-12-31T11:54:00Z,Thursday,Dundas West Station,General Delay,4,0,B/W,1141
2020-01-30T00:00:00Z,504,1899-12-31T12:19:00Z,Thursday,Dufferin Loop,Mechanical,1,1,E/B,4571
2020-01-30T00:00:00Z,510,1899-12-31T14:39:00Z,Thursday,Spadina and Queen,Mechanical,1,1,S/B,4412
2020-01-30T00:00:00Z,511,1899-12-31T15:03:00Z,Thursday,Bathurst and Queen,Held By,6,13,N/B,4419
2020-01-30T00:00:00Z,505,1899-12-31T16:37:00Z,Thursday,Entire Route,General Delay,1,1,B/W,NA
2020-01-30T00:00:00Z,505,1899-12-31T19:26:00Z,Thursday,Dundas and University,Mechanical,3,7,W/B,8552
2020-01-30T00:00:00Z,505,1899-12-31T20:15:00Z,Thursday,Broadview Stn,Emergency Services,4,9,W/B,8536
2020-01-31T00:00:00Z,509,1899-12-31T00:52:00Z,Friday,Fleet Loop,Emergency Services,9,18,E/B,4552
2020-01-31T00:00:00Z,504,1899-12-31T02:48:00Z,Friday,Roncesvalles and Dundas,Investigation,36,51,S/B,4514
2020-01-31T00:00:00Z,504,1899-12-31T06:09:00Z,Friday,King and Sumach,Mechanical,1,1,W/B,4465
2020-01-31T00:00:00Z,508,1899-12-31T07:02:00Z,Friday,Roncesvalles and Queen,Late Leaving Garage,4,24,W/B,4425
2020-01-31T00:00:00Z,505,1899-12-31T07:33:00Z,Friday,Mt Dennis Garage,Late Leaving Garage,4,8,W/B,1590
2020-01-31T00:00:00Z,501,1899-12-31T08:46:00Z,Friday,Kipling / Lakeshore,Investigation,37,44,E/B,4554
2020-01-31T00:00:00Z,504,1899-12-31T09:25:00Z,Friday,King and Dufferin,Mechanical,1,1,W/B,4413
2020-01-31T00:00:00Z,505,1899-12-31T10:32:00Z,Friday,Dundas West Station,General Delay,6,6,B/W,8402
2020-01-31T00:00:00Z,504,1899-12-31T10:42:00Z,Friday,King and Younge Street,Investigation,8,16,E/B,4595
2020-01-31T00:00:00Z,503,1899-12-31T10:44:00Z,Friday,King / Jordan,Investigation,10,20,W/B,8953
2020-01-31T00:00:00Z,506,1899-12-31T11:53:00Z,Friday,College  Crawford,Mechanical,150,158,W/B,4419
2020-01-31T00:00:00Z,505,1899-12-31T12:02:00Z,Friday,Dundas / Bathurst,Utilized Off Route,0,0,E/B,8409
2020-01-31T00:00:00Z,501,1899-12-31T13:07:00Z,Friday,Queen/Carlaw,Investigation,7,15,E/B,7518
2020-01-31T00:00:00Z,506,1899-12-31T13:33:00Z,Friday,College Crawford,Mechanical,1,1,W/B,4526
2020-01-31T00:00:00Z,501,1899-12-31T13:53:00Z,Friday,Humber Loop,Mechanical,10,20,W/B,4434
2020-01-31T00:00:00Z,505,1899-12-31T15:12:00Z,Friday,Entire Route,General Delay,1,1,B/W,NA
2020-01-31T00:00:00Z,512,1899-12-31T16:14:00Z,Friday,St.clair west station,Emergency Services,7,11,B/W,4499
2020-01-31T00:00:00Z,512,1899-12-31T17:15:00Z,Friday,St.clair station,Mechanical,1,1,W/B,4521
2020-01-31T00:00:00Z,501,1899-12-31T17:57:00Z,Friday,Queen/Yonge,Mechanical,8,16,W/B,4584
2020-01-31T00:00:00Z,501,1899-12-31T18:00:00Z,Friday,Queen/Sumach,Investigation,13,20,E/B,4548
2020-01-31T00:00:00Z,501,1899-12-31T18:23:00Z,Friday,Broadview/Queen,Held By,7,14,E/B,4520
2020-01-31T00:00:00Z,509,1899-12-31T19:26:00Z,Friday,Fleet loop,Mechanical,1,1,E/B,4529
2020-01-31T00:00:00Z,510,1899-12-31T19:31:00Z,Friday,Charlotte loop,Investigation,4,8,S/B,4522
2020-01-31T00:00:00Z,506,1899-12-31T20:13:00Z,Friday,College and University,Investigation,86,94,W/B,4531
2020-01-31T00:00:00Z,506,1899-12-31T20:18:00Z,Friday,Gerrard and Greenwood,Investigation,5,13,E/B,4594
2020-01-31T00:00:00Z,512,1899-12-31T20:38:00Z,Friday,Bathurst and St. Clair,Mechanical,7,14,W/B,4534
2020-01-31T00:00:00Z,506,1899-12-31T23:32:00Z,Friday,College and Dufferin,Held By,8,16,W/B,4481
2020-01-31T00:00:00Z,501,1899-12-31T23:59:00Z,Friday,humber loop,Emergency Services,1,1,E/B,4568
